Workbook

Sheet Worcestershire 2025 Raw Data
A1: collision_index | B1: collision_year | C1: collision_ref_no | D1: location_easting_osgr | E1: location_northing_osgr | F1: longitude | G1: latitude | H1: police_force | I1: collision_severity | J1: collision_severity_text | K1: number_of_vehicles | L1: number_of_casualties | M1: date | N1: day_of_week | O1: day_of_week | P1: time | Q1: local_authority_district | R1: local_authority_ons_district | S1: local_authority_highway | T1: local_authority_highway_current | U1: first_road_class | V1: first_road_class_text | W1: first_road_number | X1: Road Number Final | Y1: road_type | Z1: road_type_text | AA1: speed_limit | AB1: junction_detail_historic | AC1: junction_detail | AD1: junction_control | AE1: second_road_class | AF1: second_road_number | AG1: pedestrian_crossing_human_control_historic | AH1: pedestrian_crossing_physical_facilities_historic | AI1: pedestrian_crossing | AJ1: light_conditions | AK1: light_conditions_text | AL1: weather_conditions | AM1: weather_conditions_text | AN1: road_surface_conditions | AO1: road_surface_conditions_text | AP1: special_conditions_at_site | AQ1: carriageway_hazards_historic | AR1: carriageway_hazards | AS1: urban_or_rural_area | AT1: did_police_officer_attend_scene_of_accident | AU1: trunk_road_flag | AV1: lsoa_of_accident_location | AW1: enhanced_severity_collision | AX1: collision_injury_based | AY1: collision_adjusted_severity_serious | AZ1: collision_adjusted_severity_slight
A2: 2025221567733 | B2: 2025 | C2: 221567733 | D2: 384636 | E2: 279562 | F2: -2.22731 | G2: 52.41384 | H2: 22 | I2: 3 | J2: =VLOOKUP(I2, Lookups!$B$1:$C$4, 2, FALSE) -> Slight | K2: 2 | L2: 1 | M2: 45737 | N2: 6 | O2: =VLOOKUP(N2, Lookups!$B$6:$C$12, 2, FALSE) -> Friday | P2: 0.55694444 | Q2: -1 | R2: E07000239 | S2: E10000034 | T2: E10000034 | U2: 3 | V2: =VLOOKUP(U2, Lookups!$B$51:$C$57, 2, FALSE) -> A | W2: 449 | X2: =V2&W2 -> A449 | Y2: 6 | Z2: =VLOOKUP(Y2, Lookups!$B$14:$C$21, 2, FALSE) -> Single carriageway | AA2: 60 | AB2: -1 | AC2: 13 | AD2: 4 | AE2: 6 | AF2: 0 | AG2: -1 | AH2: -1 | AI2: 0 | AJ2: 1 | AK2: =VLOOKUP(AJ2, Lookups!$B$23:$C$28, 2, FALSE) -> Daylight | AL2: 1 | AM2: =VLOOKUP(AL2, Lookups!$B$30:$C$39, 2, FALSE) -> Fine / Clear | AN2: 1 | AO2: =VLOOKUP(AN2, Lookups!$B$41:$C$49, 2, FALSE) -> Dry | AP2: -1 | AQ2: -1 | AR2: 0 | AS2: 2 | AT2: 1 | AU2: 2 | AV2: E01032440 | AW2: 3 | AX2: 1 | AY2: 0 | AZ2: 1
A3: 2025221588675 | B3: 2025 | C3: 221588675 | D3: 395304 | E3: 269898 | F3: -2.07033 | G3: 52.32715 | H3: 22 | I3: 3 | J3: =VLOOKUP(I3, Lookups!$B$1:$C$4, 2, FALSE) -> Slight | K3: 2 | L3: 1 | M3: 45787 | N3: 7 | O3: =VLOOKUP(N3, Lookups!$B$6:$C$12, 2, FALSE) -> Saturday | P3: 0.73958333 | Q3: -1 | R3: E07000234 | S3: E10000034 | T3: E10000034 | U3: 4 | V3: =VLOOKUP(U3, Lookups!$B$51:$C$57, 2, FALSE) -> B | W3: 4091 | X3: =V3&W3 -> B4091 | Y3: 1 | Z3: =VLOOKUP(Y3, Lookups!$B$14:$C$21, 2, FALSE) -> Roundabout | AA3: 30 | AB3: -1 | AC3: -1 | AD3: 4 | AE3: 6 | AF3: 0 | AG3: -1 | AH3: -1 | AI3: 0 | AJ3: 1 | AK3: =VLOOKUP(AJ3, Lookups!$B$23:$C$28, 2, FALSE) -> Daylight | AL3: 1 | AM3: =VLOOKUP(AL3, Lookups!$B$30:$C$39, 2, FALSE) -> Fine / Clear | AN3: 1 | AO3: =VLOOKUP(AN3, Lookups!$B$41:$C$49, 2, FALSE) -> Dry | AP3: -1 | AQ3: -1 | AR3: 0 | AS3: 1 | AT3: 1 | AU3: 2 | AV3: E01032131 | AW3: 3 | AX3: 1 | AY3: 0 | AZ3: 1
A4: 2025221635237 | B4: 2025 | C4: 221635237 | D4: 386597 | E4: 246424 | F4: -2.19715 | G4: 52.11597 | H4: 22 | I4: 3 | J4: =VLOOKUP(I4, Lookups!$B$1:$C$4, 2, FALSE) -> Slight | K4: 2 | L4: 1 | M4: 45898 | N4: 6 | O4: =VLOOKUP(N4, Lookups!$B$6:$C$12, 2, FALSE) -> Friday | P4: 0.47916667 | Q4: -1 | R4: E07000235 | S4: E10000034 | T4: E10000034 | U4: 1 | V4: =VLOOKUP(U4, Lookups!$B$51:$C$57, 2, FALSE) -> M | W4: 5 | X4: =V4&W4 -> M5 | Y4: 3 | Z4: =VLOOKUP(Y4, Lookups!$B$14:$C$21, 2, FALSE) -> Dual carriageway | AA4: 70 | AB4: -1 | AC4: 0 | AD4: -1 | AE4: 0 | AF4: -1 | AG4: -1 | AH4: -1 | AI4: 0 | AJ4: 1 | AK4: =VLOOKUP(AJ4, Lookups!$B$23:$C$28, 2, FALSE) -> Daylight | AL4: 1 | AM4: =VLOOKUP(AL4, Lookups!$B$30:$C$39, 2, FALSE) -> Fine / Clear | AN4: 1 | AO4: =VLOOKUP(AN4, Lookups!$B$41:$C$49, 2, FALSE) -> Dry | AP4: -1 | AQ4: -1 | AR4: 0 | AS4: 2 | AT4: 1 | AU4: 1 | AV4: E01032191 | AW4: 3 | AX4: 1 | AY4: 0 | AZ4: 1
A5: 2025221665326 | B5: 2025 | C5: 221665326 | D5: 396313 | E5: 271019 | F5: -2.05554 | G5: 52.33724 | H5: 22 | I5: 3 | J5: =VLOOKUP(I5, Lookups!$B$1:$C$4, 2, FALSE) -> Slight | K5: 1 | L5: 1 | M5: 45968 | N5: 6 | O5: =VLOOKUP(N5, Lookups!$B$6:$C$12, 2, FALSE) -> Friday | P5: 0.35763889 | Q5: -1 | R5: E07000234 | S5: E10000034 | T5: E10000034 | U5: 6 | V5: =VLOOKUP(U5, Lookups!$B$51:$C$57, 2, FALSE) -> Unclassified | W5: 0 | X5: Unclassified | Y5: 6 | Z5: =VLOOKUP(Y5, Lookups!$B$14:$C$21, 2, FALSE) -> Single carriageway | AA5: 20 | AB5: -1 | AC5: 0 | AD5: -1 | AE5: 6 | AF5: 0 | AG5: -1 | AH5: -1 | AI5: 0 | AJ5: 1 | AK5: =VLOOKUP(AJ5, Lookups!$B$23:$C$28, 2, FALSE) -> Daylight | AL5: 1 | AM5: =VLOOKUP(AL5, Lookups!$B$30:$C$39, 2, FALSE) -> Fine / Clear | AN5: 1 | AO5: =VLOOKUP(AN5, Lookups!$B$41:$C$49, 2, FALSE) -> Dry | AP5: -1 | AQ5: -1 | AR5: 0 | AS5: 1 | AT5: 2 | AU5: 2 | AV5: E01032157 | AW5: 3 | AX5: 1 | AY5: 0 | AZ5: 1
A6: 2025221547052 | B6: 2025 | C6: 221547052 | D6: 379093 | E6: 245777 | F6: -2.3067 | G6: 52.10992 | H6: 22 | I6: 3 | J6: =VLOOKUP(I6, Lookups!$B$1:$C$4, 2, FALSE) -> Slight | K6: 1 | L6: 1 | M6: 45683 | N6: 1 | O6: =VLOOKUP(N6, Lookups!$B$6:$C$12, 2, FALSE) -> Sunday | P6: 0.30902778 | Q6: -1 | R6: E07000235 | S6: E10000034 | T6: E10000034 | U6: 6 | V6: =VLOOKUP(U6, Lookups!$B$51:$C$57, 2, FALSE) -> Unclassified | W6: 0 | X6: Unclassified | Y6: 6 | Z6: =VLOOKUP(Y6, Lookups!$B$14:$C$21, 2, FALSE) -> Single carriageway | AA6: 30 | AB6: -1 | AC6: 0 | AD6: -1 | AE6: 6 | AF6: 0 | AG6: -1 | AH6: -1 | AI6: 0 | AJ6: 1 | AK6: =VLOOKUP(AJ6, Lookups!$B$23:$C$28, 2, FALSE) -> Daylight | AL6: 1 | AM6: =VLOOKUP(AL6, Lookups!$B$30:$C$39, 2, FALSE) -> Fine / Clear | AN6: 4 | AO6: =VLOOKUP(AN6, Lookups!$B$41:$C$49, 2, FALSE) -> Frost or ice | AP6: -1 | AQ6: -1 | AR6: 21 | AS6: 1 | AT6: 1 | AU6: 2 | AV6: E01032187 | AW6: 3 | AX6: 1 | AY6: 0 | AZ6: 1
A7: 2025221580738 | B7: 2025 | C7: 221580738 | D7: 391101 | E7: 276898 | F7: -2.13219 | G7: 52.39003 | H7: 22 | I7: 3 | J7: =VLOOKUP(I7, Lookups!$B$1:$C$4, 2, FALSE) -> Slight | K7: 1 | L7: 4 | M7: 45768 | N7: 2 | O7: =VLOOKUP(N7, Lookups!$B$6:$C$12, 2, FALSE) -> Monday | P7: 0.80555556 | Q7: -1 | R7: E07000234 | S7: E10000034 | T7: E10000034 | U7: 6 | V7: =VLOOKUP(U7, Lookups!$B$51:$C$57, 2, FALSE) -> Unclassified | W7: 0 | X7: Unclassified | Y7: 6 | Z7: =VLOOKUP(Y7, Lookups!$B$14:$C$21, 2, FALSE) -> Single carriageway | AA7: 60 | AB7: -1 | AC7: 0 | AD7: -1 | AE7: 0 | AF7: -1 | AG7: -1 | AH7: -1 | AI7: 0 | AJ7: 1 | AK7: =VLOOKUP(AJ7, Lookups!$B$23:$C$28, 2, FALSE) -> Daylight | AL7: 1 | AM7: =VLOOKUP(AL7, Lookups!$B$30:$C$39, 2, FALSE) -> Fine / Clear | AN7: 2 | AO7: =VLOOKUP(AN7, Lookups!$B$41:$C$49, 2, FALSE) -> Wet / damp | AP7: -1 | AQ7: -1 | AR7: 0 | AS7: 2 | AT7: 1 | AU7: 2 | AV7: E01032137 | AW7: 3 | AX7: 1 | AY7: 0 | AZ7: 1
A8: 2025221628403 | B8: 2025 | C8: 221628403 | D8: 388372 | E8: 253896 | F8: -2.17149 | G8: 52.18319 | H8: 22 | I8: 3 | J8: =VLOOKUP(I8, Lookups!$B$1:$C$4, 2, FALSE) -> Slight | K8: 2 | L8: 1 | M8: 45879 | N8: 1 | O8: =VLOOKUP(N8, Lookups!$B$6:$C$12, 2, FALSE) -> Sunday | P8: 0.51736111 | Q8: -1 | R8: E07000238 | S8: E10000034 | T8: E10000034 | U8: 1 | V8: =VLOOKUP(U8, Lookups!$B$51:$C$57, 2, FALSE) -> M | W8: 5 | X8: =V8&W8 -> M5 | Y8: 3 | Z8: =VLOOKUP(Y8, Lookups!$B$14:$C$21, 2, FALSE) -> Dual carriageway | AA8: 70 | AB8: -1 | AC8: 0 | AD8: -1 | AE8: 0 | AF8: -1 | AG8: -1 | AH8: -1 | AI8: 0 | AJ8: 1 | AK8: =VLOOKUP(AJ8, Lookups!$B$23:$C$28, 2, FALSE) -> Daylight | AL8: 1 | AM8: =VLOOKUP(AL8, Lookups!$B$30:$C$39, 2, FALSE) -> Fine / Clear | AN8: 1 | AO8: =VLOOKUP(AN8, Lookups!$B$41:$C$49, 2, FALSE) -> Dry | AP8: -1 | AQ8: -1 | AR8: 0 | AS8: 2 | AT8: 1 | AU8: 1 | AV8: E01032417 | AW8: 3 | AX8: 1 | AY8: 0 | AZ8: 1
A9: 2025221543697 | B9: 2025 | C9: 221543697 | D9: 399672 | E9: 269444 | F9: -2.00623 | G9: 52.32309 | H9: 22 | I9: 3 | J9: =VLOOKUP(I9, Lookups!$B$1:$C$4, 2, FALSE) -> Slight | K9: 1 | L9: 1 | M9: 45676 | N9: 1 | O9: =VLOOKUP(N9, Lookups!$B$6:$C$12, 2, FALSE) -> Sunday | P9: 0.55486111 | Q9: -1 | R9: E07000234 | S9: E10000034 | T9: E10000034 | U9: 3 | V9: =VLOOKUP(U9, Lookups!$B$51:$C$57, 2, FALSE) -> A | W9: 448 | X9: =V9&W9 -> A448 | Y9: 3 | Z9: =VLOOKUP(Y9, Lookups!$B$14:$C$21, 2, FALSE) -> Dual carriageway | AA9: 70 | AB9: -1 | AC9: 0 | AD9: -1 | AE9: 0 | AF9: -1 | AG9: -1 | AH9: -1 | AI9: 0 | AJ9: 1 | AK9: =VLOOKUP(AJ9, Lookups!$B$23:$C$28, 2, FALSE) -> Daylight | AL9: 1 | AM9: =VLOOKUP(AL9, Lookups!$B$30:$C$39, 2, FALSE) -> Fine / Clear | AN9: 1 | AO9: =VLOOKUP(AN9, Lookups!$B$41:$C$49, 2, FALSE) -> Dry | AP9: -1 | AQ9: -1 | AR9: 20 | AS9: 2 | AT9: 1 | AU9: 2 | AV9: E01033060 | AW9: 3 | AX9: 1 | AY9: 0 | AZ9: 1
A10: 2025221572374 | B10: 2025 | C10: 221572374 | D10: 381653 | E10: 270783 | F10: -2.27068 | G10: 52.33482 | H10: 22 | I10: 3 | J10: =VLOOKUP(I10, Lookups!$B$1:$C$4, 2, FALSE) -> Slight | K10: 2 | L10: 1 | M10: 45747 | N10: 2 | O10: =VLOOKUP(N10, Lookups!$B$6:$C$12, 2, FALSE) -> Monday | P10: 0.57986111 | Q10: -1 | R10: E07000239 | S10: E10000034 | T10: E10000034 | U10: 6 | V10: =VLOOKUP(U10, Lookups!$B$51:$C$57, 2, FALSE) -> Unclassified | W10: 0 | X10: Unclassified | Y10: 6 | Z10: =VLOOKUP(Y10, Lookups!$B$14:$C$21, 2, FALSE) -> Single carriageway | AA10: 30 | AB10: -1 | AC10: 19 | AD10: 4 | AE10: 6 | AF10: 0 | AG10: -1 | AH10: -1 | AI10: 0 | AJ10: 1 | AK10: =VLOOKUP(AJ10, Lookups!$B$23:$C$28, 2, FALSE) -> Daylight | AL10: 1 | AM10: =VLOOKUP(AL10, Lookups!$B$30:$C$39, 2, FALSE) -> Fine / Clear | AN10: 1 | AO10: =VLOOKUP(AN10, Lookups!$B$41:$C$49, 2, FALSE) -> Dry | AP10: -1 | AQ10: -1 | AR10: 0 | AS10: 1 | AT10: 1 | AU10: 2 | AV10: E01032461 | AW10: 3 | AX10: 1 | AY10: 0 | AZ10: 1
A11: 2025221594672 | B11: 2025 | C11: 221594672 | D11: 404041 | E11: 247311 | F11: -1.94239 | G11: 52.1241 | H11: 22 | I11: 1 | J11: =VLOOKUP(I11, Lookups!$B$1:$C$4, 2, FALSE) -> Fatal | K11: 4 | L11: 3 | M11: 45802 | N11: 1 | O11: =VLOOKUP(N11, Lookups!$B$6:$C$12, 2, FALSE) -> Sunday | P11: 0.70208333 | Q11: -1 | R11: E07000238 | S11: E10000034 | T11: E10000034 | U11: 4 | V11: =VLOOKUP(U11, Lookups!$B$51:$C$57, 2, FALSE) -> B | W11: 4088 | X11: =V11&W11 -> B4088 | Y11: 6 | Z11: =VLOOKUP(Y11, Lookups!$B$14:$C$21, 2, FALSE) -> Single carriageway | AA11: 50 | AB11: -1 | AC11: 13 | AD11: 4 | AE11: 6 | AF11: 0 | AG11: -1 | AH11: -1 | AI11: 0 | AJ11: 1 | AK11: =VLOOKUP(AJ11, Lookups!$B$23:$C$28, 2, FALSE) -> Daylight | AL11: 1 | AM11: =VLOOKUP(AL11, Lookups!$B$30:$C$39, 2, FALSE) -> Fine / Clear | AN11: 1 | AO11: =VLOOKUP(AN11, Lookups!$B$41:$C$49, 2, FALSE) -> Dry | AP11: -1 | AQ11: -1 | AR11: 0 | AS11: 2 | AT11: 1 | AU11: 2 | AV11: E01032389 | AW11: 1 | AX11: 1 | AY11: 0 | AZ11: 0
A12: 2025221615699 | B12: 2025 | C12: 221615699 | D12: 382081 | E12: 275053 | F12: -2.26463 | G12: 52.37322 | H12: 22 | I12: 3 | J12: =VLOOKUP(I12, Lookups!$B$1:$C$4, 2, FALSE) -> Slight | K12: 1 | L12: 1 | M12: 45838 | N12: 2 | O12: =VLOOKUP(N12, Lookups!$B$6:$C$12, 2, FALSE) -> Monday | P12: 0.47916667 | Q12: -1 | R12: E07000239 | S12: E10000034 | T12: E10000034 | U12: 6 | V12: =VLOOKUP(U12, Lookups!$B$51:$C$57, 2, FALSE) -> Unclassified | W12: 0 | X12: Unclassified | Y12: 6 | Z12: =VLOOKUP(Y12, Lookups!$B$14:$C$21, 2, FALSE) -> Single carriageway | AA12: 30 | AB12: -1 | AC12: 0 | AD12: -1 | AE12: 0 | AF12: -1 | AG12: -1 | AH12: -1 | AI12: 0 | AJ12: 1 | AK12: =VLOOKUP(AJ12, Lookups!$B$23:$C$28, 2, FALSE) -> Daylight | AL12: 1 | AM12: =VLOOKUP(AL12, Lookups!$B$30:$C$39, 2, FALSE) -> Fine / Clear | AN12: 1 | AO12: =VLOOKUP(AN12, Lookups!$B$41:$C$49, 2, FALSE) -> Dry | AP12: -1 | AQ12: -1 | AR12: 0 | AS12: 1 | AT12: 2 | AU12: 2 | AV12: E01034334 | AW12: 3 | AX12: 1 | AY12: 0 | AZ12: 1
A13: 2025221615363 | B13: 2025 | C13: 221615363 | D13: 384918 | E13: 255263 | F13: -2.22207 | G13: 52.19539 | H13: 22 | I13: 3 | J13: =VLOOKUP(I13, Lookups!$B$1:$C$4, 2, FALSE) -> Slight | K13: 2 | L13: 1 | M13: 45851 | N13: 1 | O13: =VLOOKUP(N13, Lookups!$B$6:$C$12, 2, FALSE) -> Sunday | P13: 0.36805556 | Q13: -1 | R13: E07000237 | S13: E10000034 | T13: E10000034 | U13: 3 | V13: =VLOOKUP(U13, Lookups!$B$51:$C$57, 2, FALSE) -> A | W13: 38 | X13: =V13&W13 -> A38 | Y13: 6 | Z13: =VLOOKUP(Y13, Lookups!$B$14:$C$21, 2, FALSE) -> Single carriageway | AA13: 30 | AB13: -1 | AC13: 13 | AD13: 4 | AE13: 6 | AF13: 0 | AG13: -1 | AH13: -1 | AI13: 14 | AJ13: 1 | AK13: =VLOOKUP(AJ13, Lookups!$B$23:$C$28, 2, FALSE) -> Daylight | AL13: 1 | AM13: =VLOOKUP(AL13, Lookups!$B$30:$C$39, 2, FALSE) -> Fine / Clear | AN13: 1 | AO13: =VLOOKUP(AN13, Lookups!$B$41:$C$49, 2, FALSE) -> Dry | AP13: -1 | AQ13: -1 | AR13: 0 | AS13: 1 | AT13: 3 | AU13: 2 | AV13: E01032282 | AW13: 3 | AX13: 1 | AY13: 0 | AZ13: 1
A14: 2025221640829 | B14: 2025 | C14: 221640829 | D14: 381348 | E14: 256866 | F14: -2.27438 | G14: 52.2097 | H14: 22 | I14: 3 | J14: =VLOOKUP(I14, Lookups!$B$1:$C$4, 2, FALSE) -> Slight | K14: 4 | L14: 4 | M14: 45912 | N14: 6 | O14: =VLOOKUP(N14, Lookups!$B$6:$C$12, 2, FALSE) -> Friday | P14: 0.61319444 | Q14: -1 | R14: E07000235 | S14: E10000034 | T14: E10000034 | U14: 4 | V14: =VLOOKUP(U14, Lookups!$B$51:$C$57, 2, FALSE) -> B | W14: 4204 | X14: =V14&W14 -> B4204 | Y14: 6 | Z14: =VLOOKUP(Y14, Lookups!$B$14:$C$21, 2, FALSE) -> Single carriageway | AA14: 30 | AB14: -1 | AC14: 13 | AD14: 4 | AE14: 6 | AF14: 0 | AG14: -1 | AH14: -1 | AI14: 0 | AJ14: 1 | AK14: =VLOOKUP(AJ14, Lookups!$B$23:$C$28, 2, FALSE) -> Daylight | AL14: 2 | AM14: =VLOOKUP(AL14, Lookups!$B$30:$C$39, 2, FALSE) -> Rain | AN14: 2 | AO14: =VLOOKUP(AN14, Lookups!$B$41:$C$49, 2, FALSE) -> Wet / damp | AP14: -1 | AQ14: -1 | AR14: 0 | AS14: 2 | AT14: 1 | AU14: 2 | AV14: E01032183 | AW14: 3 | AX14: 1 | AY14: 0 | AZ14: 1
A15: 2025221648659 | B15: 2025 | C15: 221648659 | D15: 381950 | E15: 273954 | F15: -2.26649 | G15: 52.36334 | H15: 22 | I15: 3 | J15: =VLOOKUP(I15, Lookups!$B$1:$C$4, 2, FALSE) -> Slight | K15: 2 | L15: 2 | M15: 45930 | N15: 3 | O15: =VLOOKUP(N15, Lookups!$B$6:$C$12, 2, FALSE) -> Tuesday | P15: 0.45833333 | Q15: -1 | R15: E07000239 | S15: E10000034 | T15: E10000034 | U15: 3 | V15: =VLOOKUP(U15, Lookups!$B$51:$C$57, 2, FALSE) -> A | W15: 451 | X15: =V15&W15 -> A451 | Y15: 6 | Z15: =VLOOKUP(Y15, Lookups!$B$14:$C$21, 2, FALSE) -> Single carriageway | AA15: 30 | AB15: -1 | AC15: 13 | AD15: 2 | AE15: 6 | AF15: 0 | AG15: -1 | AH15: -1 | AI15: 15 | AJ15: 1 | AK15: =VLOOKUP(AJ15, Lookups!$B$23:$C$28, 2, FALSE) -> Daylight | AL15: 1 | AM15: =VLOOKUP(AL15, Lookups!$B$30:$C$39, 2, FALSE) -> Fine / Clear | AN15: 1 | AO15: =VLOOKUP(AN15, Lookups!$B$41:$C$49, 2, FALSE) -> Dry | AP15: -1 | AQ15: -1 | AR15: 0 | AS15: 1 | AT15: 1 | AU15: 2 | AV15: E01032469 | AW15: 3 | AX15: 1 | AY15: 0 | AZ15: 1
A16: 2025221663636 | B16: 2025 | C16: 221663636 | D16: 382509 | E16: 258941 | F16: -2.2575 | G16: 52.22839 | H16: 22 | I16: 3 | J16: =VLOOKUP(I16, Lookups!$B$1:$C$4, 2, FALSE) -> Slight | K16: 3 | L16: 1 | M16: 45965 | N16: 3 | O16: =VLOOKUP(N16, Lookups!$B$6:$C$12, 2, FALSE) -> Tuesday | P16: 0.64375 | Q16: -1 | R16: E07000235 | S16: E10000034 | T16: E10000034 | U16: 6 | V16: =VLOOKUP(U16, Lookups!$B$51:$C$57, 2, FALSE) -> Unclassified | W16: 0 | X16: Unclassified | Y16: 6 | Z16: =VLOOKUP(Y16, Lookups!$B$14:$C$21, 2, FALSE) -> Single carriageway | AA16: 30 | AB16: -1 | AC16: 18 | AD16: 4 | AE16: 6 | AF16: 0 | AG16: -1 | AH16: -1 | AI16: 0 | AJ16: 1 | AK16: =VLOOKUP(AJ16, Lookups!$B$23:$C$28, 2, FALSE) -> Daylight | AL16: 2 | AM16: =VLOOKUP(AL16, Lookups!$B$30:$C$39, 2, FALSE) -> Rain | AN16: 2 | AO16: =VLOOKUP(AN16, Lookups!$B$41:$C$49, 2, FALSE) -> Wet / damp | AP16: -1 | AQ16: -1 | AR16: 0 | AS16: 2 | AT16: 1 | AU16: 2 | AV16: E01032190 | AW16: 3 | AX16: 1 | AY16: 0 | AZ16: 1
A17: 2025221596534 | B17: 2025 | C17: 221596534 | D17: 383494 | E17: 252167 | F17: -2.24275 | G17: 52.16752 | H17: 22 | I17: 3 | J17: =VLOOKUP(I17, Lookups!$B$1:$C$4, 2, FALSE) -> Slight | K17: 2 | L17: 1 | M17: 45807 | N17: 6 | O17: =VLOOKUP(N17, Lookups!$B$6:$C$12, 2, FALSE) -> Friday | P17: 0.59375 | Q17: -1 | R17: E07000235 | S17: E10000034 | T17: E10000034 | U17: 3 | V17: =VLOOKUP(U17, Lookups!$B$51:$C$57, 2, FALSE) -> A | W17: 449 | X17: =V17&W17 -> A449 | Y17: 1 | Z17: =VLOOKUP(Y17, Lookups!$B$14:$C$21, 2, FALSE) -> Roundabout | AA17: 40 | AB17: -1 | AC17: -1 | AD17: 4 | AE17: 3 | AF17: 4440 | AG17: -1 | AH17: -1 | AI17: 0 | AJ17: 1 | AK17: =VLOOKUP(AJ17, Lookups!$B$23:$C$28, 2, FALSE) -> Daylight | AL17: 1 | AM17: =VLOOKUP(AL17, Lookups!$B$30:$C$39, 2, FALSE) -> Fine / Clear | AN17: 1 | AO17: =VLOOKUP(AN17, Lookups!$B$41:$C$49, 2, FALSE) -> Dry | AP17: -1 | AQ17: -1 | AR17: 0 | AS17: 2 | AT17: 1 | AU17: 2 | AV17: E01032207 | AW17: 3 | AX17: 1 | AY17: 0 | AZ17: 1
A18: 2025221649017 | B18: 2025 | C18: 221649017 | D18: 386356 | E18: 259049 | F18: -2.20118 | G18: 52.22947 | H18: 22 | I18: 3 | J18: =VLOOKUP(I18, Lookups!$B$1:$C$4, 2, FALSE) -> Slight | K18: 2 | L18: 1 | M18: 45931 | N18: 4 | O18: =VLOOKUP(N18, Lookups!$B$6:$C$12, 2, FALSE) -> Wednesday | P18: 0.66666667 | Q18: -1 | R18: E07000238 | S18: E10000034 | T18: E10000034 | U18: 6 | V18: =VLOOKUP(U18, Lookups!$B$51:$C$57, 2, FALSE) -> Unclassified | W18: 0 | X18: Unclassified | Y18: 6 | Z18: =VLOOKUP(Y18, Lookups!$B$14:$C$21, 2, FALSE) -> Single carriageway | AA18: 30 | AB18: -1 | AC18: 13 | AD18: 4 | AE18: 6 | AF18: 0 | AG18: -1 | AH18: -1 | AI18: 0 | AJ18: 1 | AK18: =VLOOKUP(AJ18, Lookups!$B$23:$C$28, 2, FALSE) -> Daylight | AL18: 1 | AM18: =VLOOKUP(AL18, Lookups!$B$30:$C$39, 2, FALSE) -> Fine / Clear | AN18: 1 | AO18: =VLOOKUP(AN18, Lookups!$B$41:$C$49, 2, FALSE) -> Dry | AP18: -1 | AQ18: -1 | AR18: 0 | AS18: 2 | AT18: 3 | AU18: 2 | AV18: E01032399 | AW18: 3 | AX18: 1 | AY18: 0 | AZ18: 1
A19: 2025221537191 | B19: 2025 | C19: 221537191 | D19: 403501 | E19: 243533 | F19: -1.95032 | G19: 52.09013 | H19: 22 | I19: 2 | J19: =VLOOKUP(I19, Lookups!$B$1:$C$4, 2, FALSE) -> Serious | K19: 1 | L19: 1 | M19: 45660 | N19: 6 | O19: =VLOOKUP(N19, Lookups!$B$6:$C$12, 2, FALSE) -> Friday | P19: 0.44027778 | Q19: -1 | R19: E07000238 | S19: E10000034 | T19: E10000034 | U19: 3 | V19: =VLOOKUP(U19, Lookups!$B$51:$C$57, 2, FALSE) -> A | W19: 4184 | X19: =V19&W19 -> A4184 | Y19: 6 | Z19: =VLOOKUP(Y19, Lookups!$B$14:$C$21, 2, FALSE) -> Single carriageway | AA19: 30 | AB19: -1 | AC19: 0 | AD19: -1 | AE19: 6 | AF19: 0 | AG19: -1 | AH19: -1 | AI19: 0 | AJ19: 1 | AK19: =VLOOKUP(AJ19, Lookups!$B$23:$C$28, 2, FALSE) -> Daylight | AL19: 1 | AM19: =VLOOKUP(AL19, Lookups!$B$30:$C$39, 2, FALSE) -> Fine / Clear | AN19: 1 | AO19: =VLOOKUP(AN19, Lookups!$B$41:$C$49, 2, FALSE) -> Dry | AP19: -1 | AQ19: -1 | AR19: 0 | AS19: 1 | AT19: 1 | AU19: 2 | AV19: E01034329 | AW19: 7 | AX19: 1 | AY19: 1 | AZ19: 0
A20: 2025221577340 | B20: 2025 | C20: 221577340 | D20: 385847 | E20: 254436 | F20: -2.20844 | G20: 52.18798 | H20: 22 | I20: 3 | J20: =VLOOKUP(I20, Lookups!$B$1:$C$4, 2, FALSE) -> Slight | K20: 1 | L20: 1 | M20: 45759 | N20: 7 | O20: =VLOOKUP(N20, Lookups!$B$6:$C$12, 2, FALSE) -> Saturday | P20: 0.71875 | Q20: -1 | R20: E07000237 | S20: E10000034 | T20: E10000034 | U20: 6 | V20: =VLOOKUP(U20, Lookups!$B$51:$C$57, 2, FALSE) -> Unclassified | W20: 0 | X20: Unclassified | Y20: 6 | Z20: =VLOOKUP(Y20, Lookups!$B$14:$C$21, 2, FALSE) -> Single carriageway | AA20: 30 | AB20: -1 | AC20: 13 | AD20: 1 | AE20: 6 | AF20: 0 | AG20: -1 | AH20: -1 | AI20: 0 | AJ20: 1 | AK20: =VLOOKUP(AJ20, Lookups!$B$23:$C$28, 2, FALSE) -> Daylight | AL20: 1 | AM20: =VLOOKUP(AL20, Lookups!$B$30:$C$39, 2, FALSE) -> Fine / Clear | AN20: 1 | AO20: =VLOOKUP(AN20, Lookups!$B$41:$C$49, 2, FALSE) -> Dry | AP20: -1 | AQ20: -1 | AR20: 0 | AS20: 1 | AT20: 1 | AU20: 2 | AV20: E01032292 | AW20: 3 | AX20: 1 | AY20: 0 | AZ20: 1
A21: 2025221586216 | B21: 2025 | C21: 221586216 | D21: 405886 | E21: 265584 | F21: -1.91513 | G21: 52.28836 | H21: 22 | I21: 1 | J21: =VLOOKUP(I21, Lookups!$B$1:$C$4, 2, FALSE) -> Fatal | K21: 2 | L21: 3 | M21: 45782 | N21: 2 | O21: =VLOOKUP(N21, Lookups!$B$6:$C$12, 2, FALSE) -> Monday | P21: 0.52222222 | Q21: -1 | R21: E07000236 | S21: E10000034 | T21: E10000034 | U21: 6 | V21: =VLOOKUP(U21, Lookups!$B$51:$C$57, 2, FALSE) -> Unclassified | W21: 0 | X21: Unclassified | Y21: 6 | Z21: =VLOOKUP(Y21, Lookups!$B$14:$C$21, 2, FALSE) -> Single carriageway | AA21: 30 | AB21: -1 | AC21: 13 | AD21: 4 | AE21: 6 | AF21: 0 | AG21: -1 | AH21: -1 | AI21: 0 | AJ21: 1 | AK21: =VLOOKUP(AJ21, Lookups!$B$23:$C$28, 2, FALSE) -> Daylight | AL21: 1 | AM21: =VLOOKUP(AL21, Lookups!$B$30:$C$39, 2, FALSE) -> Fine / Clear | AN21: 1 | AO21: =VLOOKUP(AN21, Lookups!$B$41:$C$49, 2, FALSE) -> Dry | AP21: -1 | AQ21: -1 | AR21: 12 | AS21: 1 | AT21: 1 | AU21: 2 | AV21: E01032253 | AW21: 1 | AX21: 1 | AY21: 0 | AZ21: 0
A22: 2025221607209 | B22: 2025 | C22: 221607209 | D22: 395899 | E22: 270799 | F22: -2.06161 | G22: 52.33526 | H22: 22 | I22: 3 | J22: =VLOOKUP(I22, Lookups!$B$1:$C$4, 2, FALSE) -> Slight | K22: 1 | L22: 1 | M22: 45831 | N22: 2 | O22: =VLOOKUP(N22, Lookups!$B$6:$C$12, 2, FALSE) -> Monday | P22: 0.51388889 | Q22: -1 | R22: E07000234 | S22: E10000034 | T22: E10000034 | U22: 6 | V22: =VLOOKUP(U22, Lookups!$B$51:$C$57, 2, FALSE) -> Unclassified | W22: 0 | X22: Unclassified | Y22: 6 | Z22: =VLOOKUP(Y22, Lookups!$B$14:$C$21, 2, FALSE) -> Single carriageway | AA22: 30 | AB22: -1 | AC22: 13 | AD22: 4 | AE22: 6 | AF22: 0 | AG22: -1 | AH22: -1 | AI22: 0 | AJ22: 1 | AK22: =VLOOKUP(AJ22, Lookups!$B$23:$C$28, 2, FALSE) -> Daylight | AL22: 1 | AM22: =VLOOKUP(AL22, Lookups!$B$30:$C$39, 2, FALSE) -> Fine / Clear | AN22: 1 | AO22: =VLOOKUP(AN22, Lookups!$B$41:$C$49, 2, FALSE) -> Dry | AP22: -1 | AQ22: -1 | AR22: 0 | AS22: 1 | AT22: 1 | AU22: 2 | AV22: E01032156 | AW22: 3 | AX22: 1 | AY22: 0 | AZ22: 1
A23: 2025221647090 | B23: 2025 | C23: 221647090 | D23: 406109 | E23: 249057 | F23: -1.91215 | G23: 52.13978 | H23: 22 | I23: 2 | J23: =VLOOKUP(I23, Lookups!$B$1:$C$4, 2, FALSE) -> Serious | K23: 3 | L23: 1 | M23: 45925 | N23: 5 | O23: =VLOOKUP(N23, Lookups!$B$6:$C$12, 2, FALSE) -> Thursday | P23: 0.75 | Q23: -1 | R23: E07000238 | S23: E10000034 | T23: E10000034 | U23: 6 | V23: =VLOOKUP(U23, Lookups!$B$51:$C$57, 2, FALSE) -> Unclassified | W23: 0 | X23: Unclassified | Y23: 6 | Z23: =VLOOKUP(Y23, Lookups!$B$14:$C$21, 2, FALSE) -> Single carriageway | AA23: 60 | AB23: -1 | AC23: 13 | AD23: 4 | AE23: 6 | AF23: 0 | AG23: -1 | AH23: -1 | AI23: 0 | AJ23: 1 | AK23: =VLOOKUP(AJ23, Lookups!$B$23:$C$28, 2, FALSE) -> Daylight | AL23: 1 | AM23: =VLOOKUP(AL23, Lookups!$B$30:$C$39, 2, FALSE) -> Fine / Clear | AN23: 1 | AO23: =VLOOKUP(AN23, Lookups!$B$41:$C$49, 2, FALSE) -> Dry | AP23: -1 | AQ23: -1 | AR23: 0 | AS23: 2 | AT23: 1 | AU23: 2 | AV23: E01032388 | AW23: 7 | AX23: 1 | AY23: 1 | AZ23: 0
A24: 2025221550825 | B24: 2025 | C24: 221550825 | D24: 404092 | E24: 243648 | F24: -1.94169 | G24: 52.09116 | H24: 22 | I24: 3 | J24: =VLOOKUP(I24, Lookups!$B$1:$C$4, 2, FALSE) -> Slight | K24: 2 | L24: 1 | M24: 45666 | N24: 5 | O24: =VLOOKUP(N24, Lookups!$B$6:$C$12, 2, FALSE) -> Thursday | P24: 0.51388889 | Q24: -1 | R24: E07000238 | S24: E10000034 | T24: E10000034 | U24: 4 | V24: =VLOOKUP(U24, Lookups!$B$51:$C$57, 2, FALSE) -> B | W24: 4035 | X24: =V24&W24 -> B4035 | Y24: 6 | Z24: =VLOOKUP(Y24, Lookups!$B$14:$C$21, 2, FALSE) -> Single carriageway | AA24: 30 | AB24: -1 | AC24: 13 | AD24: 2 | AE24: 6 | AF24: 0 | AG24: -1 | AH24: -1 | AI24: 0 | AJ24: 1 | AK24: =VLOOKUP(AJ24, Lookups!$B$23:$C$28, 2, FALSE) -> Daylight | AL24: 1 | AM24: =VLOOKUP(AL24, Lookups!$B$30:$C$39, 2, FALSE) -> Fine / Clear | AN24: 1 | AO24: =VLOOKUP(AN24, Lookups!$B$41:$C$49, 2, FALSE) -> Dry | AP24: -1 | AQ24: -1 | AR24: 0 | AS24: 1 | AT24: 1 | AU24: 2 | AV24: E01034329 | AW24: 3 | AX24: 1 | AY24: 0 | AZ24: 1
A25: 2025221557272 | B25: 2025 | C25: 221557272 | D25: 392552 | E25: 281366 | F25: -2.11097 | G25: 52.43022 | H25: 22 | I25: 2 | J25: =VLOOKUP(I25, Lookups!$B$1:$C$4, 2, FALSE) -> Serious | K25: 2 | L25: 1 | M25: 45710 | N25: 7 | O25: =VLOOKUP(N25, Lookups!$B$6:$C$12, 2, FALSE) -> Saturday | P25: 0.71458333 | Q25: -1 | R25: E07000234 | S25: E10000034 | T25: E10000034 | U25: 3 | V25: =VLOOKUP(U25, Lookups!$B$51:$C$57, 2, FALSE) -> A | W25: 456 | X25: =V25&W25 -> A456 | Y25: 3 | Z25: =VLOOKUP(Y25, Lookups!$B$14:$C$21, 2, FALSE) -> Dual carriageway | AA25: 60 | AB25: -1 | AC25: 17 | AD25: 4 | AE25: 3 | AF25: 456 | AG25: -1 | AH25: -1 | AI25: 0 | AJ25: 4 | AK25: =VLOOKUP(AJ25, Lookups!$B$23:$C$28, 2, FALSE) -> Darkness (Lit) | AL25: 1 | AM25: =VLOOKUP(AL25, Lookups!$B$30:$C$39, 2, FALSE) -> Fine / Clear | AN25: 1 | AO25: =VLOOKUP(AN25, Lookups!$B$41:$C$49, 2, FALSE) -> Dry | AP25: -1 | AQ25: -1 | AR25: 0 | AS25: 2 | AT25: 1 | AU25: 2 | AV25: E01032141 | AW25: 7 | AX25: 1 | AY25: 1 | AZ25: 0
A26: 2025221587020 | B26: 2025 | C26: 221587020 | D26: 389533 | E26: 263319 | F26: -2.1548 | G26: 52.26793 | H26: 22 | I26: 3 | J26: =VLOOKUP(I26, Lookups!$B$1:$C$4, 2, FALSE) -> Slight | K26: 2 | L26: 1 | M26: 45784 | N26: 4 | O26: =VLOOKUP(N26, Lookups!$B$6:$C$12, 2, FALSE) -> Wednesday | P26: 0.88888889 | Q26: -1 | R26: E07000238 | S26: E10000034 | T26: E10000034 | U26: 6 | V26: =VLOOKUP(U26, Lookups!$B$51:$C$57, 2, FALSE) -> Unclassified | W26: 0 | X26: Unclassified | Y26: 6 | Z26: =VLOOKUP(Y26, Lookups!$B$14:$C$21, 2, FALSE) -> Single carriageway | AA26: 30 | AB26: -1 | AC26: 13 | AD26: 4 | AE26: 6 | AF26: 0 | AG26: -1 | AH26: -1 | AI26: 0 | AJ26: 1 | AK26: =VLOOKUP(AJ26, Lookups!$B$23:$C$28, 2, FALSE) -> Daylight | AL26: 1 | AM26: =VLOOKUP(AL26, Lookups!$B$30:$C$39, 2, FALSE) -> Fine / Clear | AN26: 1 | AO26: =VLOOKUP(AN26, Lookups!$B$41:$C$49, 2, FALSE) -> Dry | AP26: -1 | AQ26: -1 | AR26: 0 | AS26: 1 | AT26: 3 | AU26: 2 | AV26: E01032358 | AW26: 3 | AX26: 1 | AY26: 0 | AZ26: 1
A27: 2025221592189 | B27: 2025 | C27: 221592189 | D27: 388154 | E27: 254249 | F27: -2.17469 | G27: 52.18636 | H27: 22 | I27: 3 | J27: =VLOOKUP(I27, Lookups!$B$1:$C$4, 2, FALSE) -> Slight | K27: 2 | L27: 1 | M27: 45796 | N27: 2 | O27: =VLOOKUP(N27, Lookups!$B$6:$C$12, 2, FALSE) -> Monday | P27: 0.41666667 | Q27: -1 | R27: E07000237 | S27: E10000034 | T27: E10000034 | U27: 3 | V27: =VLOOKUP(U27, Lookups!$B$51:$C$57, 2, FALSE) -> A | W27: 4440 | X27: =V27&W27 -> A4440 | Y27: 3 | Z27: =VLOOKUP(Y27, Lookups!$B$14:$C$21, 2, FALSE) -> Dual carriageway | AA27: 40 | AB27: -1 | AC27: -1 | AD27: 4 | AE27: 3 | AF27: 4440 | AG27: -1 | AH27: -1 | AI27: 14 | AJ27: 1 | AK27: =VLOOKUP(AJ27, Lookups!$B$23:$C$28, 2, FALSE) -> Daylight | AL27: 1 | AM27: =VLOOKUP(AL27, Lookups!$B$30:$C$39, 2, FALSE) -> Fine / Clear | AN27: 1 | AO27: =VLOOKUP(AN27, Lookups!$B$41:$C$49, 2, FALSE) -> Dry | AP27: -1 | AQ27: -1 | AR27: 0 | AS27: 2 | AT27: 3 | AU27: 2 | AV27: E01032339 | AW27: 3 | AX27: 1 | AY27: 0 | AZ27: 1
A28: 2025221633599 | B28: 2025 | C28: 221633599 | D28: 374811 | E28: 266224 | F28: -2.37075 | G28: 52.29356 | H28: 22 | I28: 2 | J28: =VLOOKUP(I28, Lookups!$B$1:$C$4, 2, FALSE) -> Serious | K28: 1 | L28: 1 | M28: 45894 | N28: 2 | O28: =VLOOKUP(N28, Lookups!$B$6:$C$12, 2, FALSE) -> Monday | P28: 0.47222222 | Q28: -1 | R28: E07000235 | S28: E10000034 | T28: E10000034 | U28: 4 | V28: =VLOOKUP(U28, Lookups!$B$51:$C$57, 2, FALSE) -> B | W28: 4203 | X28: =V28&W28 -> B4203 | Y28: 6 | Z28: =VLOOKUP(Y28, Lookups!$B$14:$C$21, 2, FALSE) -> Single carriageway | AA28: 60 | AB28: -1 | AC28: 0 | AD28: -1 | AE28: 0 | AF28: -1 | AG28: -1 | AH28: -1 | AI28: 0 | AJ28: 1 | AK28: =VLOOKUP(AJ28, Lookups!$B$23:$C$28, 2, FALSE) -> Daylight | AL28: 1 | AM28: =VLOOKUP(AL28, Lookups!$B$30:$C$39, 2, FALSE) -> Fine / Clear | AN28: 1 | AO28: =VLOOKUP(AN28, Lookups!$B$41:$C$49, 2, FALSE) -> Dry | AP28: -1 | AQ28: -1 | AR28: 0 | AS28: 2 | AT28: 1 | AU28: 2 | AV28: E01032223 | AW28: 7 | AX28: 1 | AY28: 1 | AZ28: 0
A29: 2025221665189 | B29: 2025 | C29: 221665189 | D29: 403859 | E29: 275468 | F29: -1.94474 | G29: 52.37724 | H29: 22 | I29: 3 | J29: =VLOOKUP(I29, Lookups!$B$1:$C$4, 2, FALSE) -> Slight | K29: 3 | L29: 1 | M29: 45968 | N29: 6 | O29: =VLOOKUP(N29, Lookups!$B$6:$C$12, 2, FALSE) -> Friday | P29: 0.66666667 | Q29: -1 | R29: E07000234 | S29: E10000034 | T29: E10000034 | U29: 6 | V29: =VLOOKUP(U29, Lookups!$B$51:$C$57, 2, FALSE) -> Unclassified | W29: 0 | X29: Unclassified | Y29: 6 | Z29: =VLOOKUP(Y29, Lookups!$B$14:$C$21, 2, FALSE) -> Single carriageway | AA29: 30 | AB29: -1 | AC29: 0 | AD29: -1 | AE29: 0 | AF29: -1 | AG29: -1 | AH29: -1 | AI29: 0 | AJ29: 1 | AK29: =VLOOKUP(AJ29, Lookups!$B$23:$C$28, 2, FALSE) -> Daylight | AL29: 1 | AM29: =VLOOKUP(AL29, Lookups!$B$30:$C$39, 2, FALSE) -> Fine / Clear | AN29: 1 | AO29: =VLOOKUP(AN29, Lookups!$B$41:$C$49, 2, FALSE) -> Dry | AP29: -1 | AQ29: -1 | AR29: 0 | AS29: 2 | AT29: 3 | AU29: 2 | AV29: E01032122 | AW29: 3 | AX29: 1 | AY29: 0 | AZ29: 1
A30: 2025221675428 | B30: 2025 | C30: 221675428 | D30: 404221 | E30: 246672 | F30: -1.93977 | G30: 52.11835 | H30: 22 | I30: 3 | J30: =VLOOKUP(I30, Lookups!$B$1:$C$4, 2, FALSE) -> Slight | K30: 4 | L30: 1 | M30: 45989 | N30: 6 | O30: =VLOOKUP(N30, Lookups!$B$6:$C$12, 2, FALSE) -> Friday | P30: 0.71527778 | Q30: -1 | R30: E07000238 | S30: E10000034 | T30: E10000034 | U30: 3 | V30: =VLOOKUP(U30, Lookups!$B$51:$C$57, 2, FALSE) -> A | W30: 46 | X30: =V30&W30 -> A46 | Y30: 3 | Z30: =VLOOKUP(Y30, Lookups!$B$14:$C$21, 2, FALSE) -> Dual carriageway | AA30: 70 | AB30: -1 | AC30: 0 | AD30: -1 | AE30: 0 | AF30: -1 | AG30: -1 | AH30: -1 | AI30: 0 | AJ30: 6 | AK30: =VLOOKUP(AJ30, Lookups!$B$23:$C$28, 2, FALSE) -> Darkness (Unlit) | AL30: 1 | AM30: =VLOOKUP(AL30, Lookups!$B$30:$C$39, 2, FALSE) -> Fine / Clear | AN30: 2 | AO30: =VLOOKUP(AN30, Lookups!$B$41:$C$49, 2, FALSE) -> Wet / damp | AP30: -1 | AQ30: -1 | AR30: 0 | AS30: 2 | AT30: 1 | AU30: 1 | AV30: E01032389 | AW30: 3 | AX30: 1 | AY30: 0 | AZ30: 1
A31: 2025221553446 | B31: 2025 | C31: 221553446 | D31: 375163 | E31: 260193 | F31: -2.36514 | G31: 52.23936 | H31: 22 | I31: 3 | J31: =VLOOKUP(I31, Lookups!$B$1:$C$4, 2, FALSE) -> Slight | K31: 1 | L31: 1 | M31: 45698 | N31: 2 | O31: =VLOOKUP(N31, Lookups!$B$6:$C$12, 2, FALSE) -> Monday | P31: 0.67847222 | Q31: -1 | R31: E07000235 | S31: E10000034 | T31: E10000034 | U31: 4 | V31: =VLOOKUP(U31, Lookups!$B$51:$C$57, 2, FALSE) -> B | W31: 4204 | X31: =V31&W31 -> B4204 | Y31: 6 | Z31: =VLOOKUP(Y31, Lookups!$B$14:$C$21, 2, FALSE) -> Single carriageway | AA31: 60 | AB31: -1 | AC31: 0 | AD31: -1 | AE31: 6 | AF31: 0 | AG31: -1 | AH31: -1 | AI31: 0 | AJ31: 1 | AK31: =VLOOKUP(AJ31, Lookups!$B$23:$C$28, 2, FALSE) -> Daylight | AL31: 1 | AM31: =VLOOKUP(AL31, Lookups!$B$30:$C$39, 2, FALSE) -> Fine / Clear | AN31: 1 | AO31: =VLOOKUP(AN31, Lookups!$B$41:$C$49, 2, FALSE) -> Dry | AP31: -1 | AQ31: -1 | AR31: 0 | AS31: 2 | AT31: 1 | AU31: 2 | AV31: E01032199 | AW31: 3 | AX31: 1 | AY31: 0 | AZ31: 1
A32: 2025221679936 | B32: 2025 | C32: 221679936 | D32: 388416 | E32: 254935 | F32: -2.17088 | G32: 52.19253 | H32: 22 | I32: 3 | J32: =VLOOKUP(I32, Lookups!$B$1:$C$4, 2, FALSE) -> Slight | K32: 1 | L32: 2 | M32: 45999 | N32: 2 | O32: =VLOOKUP(N32, Lookups!$B$6:$C$12, 2, FALSE) -> Monday | P32: 0.58333333 | Q32: -1 | R32: E07000237 | S32: E10000034 | T32: E10000034 | U32: 3 | V32: =VLOOKUP(U32, Lookups!$B$51:$C$57, 2, FALSE) -> A | W32: 4440 | X32: =V32&W32 -> A4440 | Y32: 1 | Z32: =VLOOKUP(Y32, Lookups!$B$14:$C$21, 2, FALSE) -> Roundabout | AA32: 60 | AB32: -1 | AC32: -1 | AD32: 4 | AE32: 4 | AF32: 4636 | AG32: -1 | AH32: -1 | AI32: 0 | AJ32: 1 | AK32: =VLOOKUP(AJ32, Lookups!$B$23:$C$28, 2, FALSE) -> Daylight | AL32: 1 | AM32: =VLOOKUP(AL32, Lookups!$B$30:$C$39, 2, FALSE) -> Fine / Clear | AN32: 2 | AO32: =VLOOKUP(AN32, Lookups!$B$41:$C$49, 2, FALSE) -> Wet / damp | AP32: -1 | AQ32: -1 | AR32: 0 | AS32: 2 | AT32: 1 | AU32: 2 | AV32: E01032339 | AW32: 3 | AX32: 1 | AY32: 0 | AZ32: 1
A33: 2025221554493 | B33: 2025 | C33: 221554493 | D33: 385407 | E33: 255280 | F33: -2.21491 | G33: 52.19556 | H33: 22 | I33: 2 | J33: =VLOOKUP(I33, Lookups!$B$1:$C$4, 2, FALSE) -> Serious | K33: 1 | L33: 1 | M33: 45702 | N33: 6 | O33: =VLOOKUP(N33, Lookups!$B$6:$C$12, 2, FALSE) -> Friday | P33: 0.77083333 | Q33: -1 | R33: E07000237 | S33: E10000034 | T33: E10000034 | U33: 4 | V33: =VLOOKUP(U33, Lookups!$B$51:$C$57, 2, FALSE) -> B | W33: 4205 | X33: =V33&W33 -> B4205 | Y33: 6 | Z33: =VLOOKUP(Y33, Lookups!$B$14:$C$21, 2, FALSE) -> Single carriageway | AA33: 30 | AB33: -1 | AC33: 19 | AD33: 4 | AE33: 6 | AF33: 0 | AG33: -1 | AH33: -1 | AI33: 0 | AJ33: 4 | AK33: =VLOOKUP(AJ33, Lookups!$B$23:$C$28, 2, FALSE) -> Darkness (Lit) | AL33: 2 | AM33: =VLOOKUP(AL33, Lookups!$B$30:$C$39, 2, FALSE) -> Rain | AN33: 2 | AO33: =VLOOKUP(AN33, Lookups!$B$41:$C$49, 2, FALSE) -> Wet / damp | AP33: -1 | AQ33: -1 | AR33: 0 | AS33: 1 | AT33: 1 | AU33: 2 | AV33: E01033248 | AW33: 7 | AX33: 1 | AY33: 1 | AZ33: 0
A34: 2025221629484 | B34: 2025 | C34: 221629484 | D34: 387340 | E34: 274681 | F34: -2.18737 | G34: 52.37003 | H34: 22 | I34: 3 | J34: =VLOOKUP(I34, Lookups!$B$1:$C$4, 2, FALSE) -> Slight | K34: 2 | L34: 1 | M34: 45884 | N34: 6 | O34: =VLOOKUP(N34, Lookups!$B$6:$C$12, 2, FALSE) -> Friday | P34: 0.82291667 | Q34: -1 | R34: E07000239 | S34: E10000034 | T34: E10000034 | U34: 3 | V34: =VLOOKUP(U34, Lookups!$B$51:$C$57, 2, FALSE) -> A | W34: 450 | X34: =V34&W34 -> A450 | Y34: 6 | Z34: =VLOOKUP(Y34, Lookups!$B$14:$C$21, 2, FALSE) -> Single carriageway | AA34: 40 | AB34: -1 | AC34: 0 | AD34: -1 | AE34: 6 | AF34: 0 | AG34: -1 | AH34: -1 | AI34: 0 | AJ34: 1 | AK34: =VLOOKUP(AJ34, Lookups!$B$23:$C$28, 2, FALSE) -> Daylight | AL34: 1 | AM34: =VLOOKUP(AL34, Lookups!$B$30:$C$39, 2, FALSE) -> Fine / Clear | AN34: 1 | AO34: =VLOOKUP(AN34, Lookups!$B$41:$C$49, 2, FALSE) -> Dry | AP34: -1 | AQ34: -1 | AR34: 0 | AS34: 2 | AT34: 1 | AU34: 2 | AV34: E01032432 | AW34: 3 | AX34: 1 | AY34: 0 | AZ34: 1
A35: 2025221630164 | B35: 2025 | C35: 221630164 | D35: 388000 | E35: 262897 | F35: -2.17725 | G35: 52.2641 | H35: 22 | I35: 1 | J35: =VLOOKUP(I35, Lookups!$B$1:$C$4, 2, FALSE) -> Fatal | K35: 2 | L35: 1 | M35: 45886 | N35: 1 | O35: =VLOOKUP(N35, Lookups!$B$6:$C$12, 2, FALSE) -> Sunday | P35: 0.63888889 | Q35: -1 | R35: E07000238 | S35: E10000034 | T35: E10000034 | U35: 3 | V35: =VLOOKUP(U35, Lookups!$B$51:$C$57, 2, FALSE) -> A | W35: 4133 | X35: =V35&W35 -> A4133 | Y35: 1 | Z35: =VLOOKUP(Y35, Lookups!$B$14:$C$21, 2, FALSE) -> Roundabout | AA35: 60 | AB35: -1 | AC35: -1 | AD35: 4 | AE35: 3 | AF35: 38 | AG35: -1 | AH35: -1 | AI35: 0 | AJ35: 1 | AK35: =VLOOKUP(AJ35, Lookups!$B$23:$C$28, 2, FALSE) -> Daylight | AL35: 1 | AM35: =VLOOKUP(AL35, Lookups!$B$30:$C$39, 2, FALSE) -> Fine / Clear | AN35: 1 | AO35: =VLOOKUP(AN35, Lookups!$B$41:$C$49, 2, FALSE) -> Dry | AP35: -1 | AQ35: -1 | AR35: 0 | AS35: 2 | AT35: 1 | AU35: 2 | AV35: E01032370 | AW35: 1 | AX35: 1 | AY35: 0 | AZ35: 0
A36: 2025221618093 | B36: 2025 | C36: 221618093 | D36: 378003 | E36: 233462 | F36: -2.32182 | G36: 51.99916 | H36: 22 | I36: 3 | J36: =VLOOKUP(I36, Lookups!$B$1:$C$4, 2, FALSE) -> Slight | K36: 2 | L36: 1 | M36: 45856 | N36: 6 | O36: =VLOOKUP(N36, Lookups!$B$6:$C$12, 2, FALSE) -> Friday | P36: 0.81805556 | Q36: -1 | R36: E07000235 | S36: E10000034 | T36: E10000034 | U36: 4 | V36: =VLOOKUP(U36, Lookups!$B$51:$C$57, 2, FALSE) -> B | W36: 4208 | X36: =V36&W36 -> B4208 | Y36: 6 | Z36: =VLOOKUP(Y36, Lookups!$B$14:$C$21, 2, FALSE) -> Single carriageway | AA36: 60 | AB36: -1 | AC36: 13 | AD36: 3 | AE36: 6 | AF36: 0 | AG36: -1 | AH36: -1 | AI36: 0 | AJ36: 1 | AK36: =VLOOKUP(AJ36, Lookups!$B$23:$C$28, 2, FALSE) -> Daylight | AL36: 1 | AM36: =VLOOKUP(AL36, Lookups!$B$30:$C$39, 2, FALSE) -> Fine / Clear | AN36: 1 | AO36: =VLOOKUP(AN36, Lookups!$B$41:$C$49, 2, FALSE) -> Dry | AP36: -1 | AQ36: -1 | AR36: 0 | AS36: 2 | AT36: 1 | AU36: 2 | AV36: E01032198 | AW36: 3 | AX36: 1 | AY36: 0 | AZ36: 1
A37: 2025221543333 | B37: 2025 | C37: 221543333 | D37: 409508 | E37: 237508 | F37: -1.86281 | G37: 52.0359 | H37: 22 | I37: 2 | J37: =VLOOKUP(I37, Lookups!$B$1:$C$4, 2, FALSE) -> Serious | K37: 1 | L37: 1 | M37: 45674 | N37: 6 | O37: =VLOOKUP(N37, Lookups!$B$6:$C$12, 2, FALSE) -> Friday | P37: 0.55763889 | Q37: -1 | R37: E07000238 | S37: E10000034 | T37: E10000034 | U37: 6 | V37: =VLOOKUP(U37, Lookups!$B$51:$C$57, 2, FALSE) -> Unclassified | W37: 0 | X37: Unclassified | Y37: 6 | Z37: =VLOOKUP(Y37, Lookups!$B$14:$C$21, 2, FALSE) -> Single carriageway | AA37: 30 | AB37: -1 | AC37: 0 | AD37: -1 | AE37: 6 | AF37: 0 | AG37: -1 | AH37: -1 | AI37: 0 | AJ37: 1 | AK37: =VLOOKUP(AJ37, Lookups!$B$23:$C$28, 2, FALSE) -> Daylight | AL37: 1 | AM37: =VLOOKUP(AL37, Lookups!$B$30:$C$39, 2, FALSE) -> Fine / Clear | AN37: 1 | AO37: =VLOOKUP(AN37, Lookups!$B$41:$C$49, 2, FALSE) -> Dry | AP37: -1 | AQ37: -1 | AR37: 0 | AS37: 2 | AT37: 1 | AU37: 2 | AV37: E01032353 | AW37: 6 | AX37: 1 | AY37: 1 | AZ37: 0
A38: 2025221565797 | B38: 2025 | C38: 221565797 | D38: 382260 | E38: 271460 | F38: -2.26181 | G38: 52.34093 | H38: 22 | I38: 3 | J38: =VLOOKUP(I38, Lookups!$B$1:$C$4, 2, FALSE) -> Slight | K38: 2 | L38: 2 | M38: 45731 | N38: 7 | O38: =VLOOKUP(N38, Lookups!$B$6:$C$12, 2, FALSE) -> Saturday | P38: 0.71527778 | Q38: -1 | R38: E07000239 | S38: E10000034 | T38: E10000034 | U38: 4 | V38: =VLOOKUP(U38, Lookups!$B$51:$C$57, 2, FALSE) -> B | W38: 4193 | X38: =V38&W38 -> B4193 | Y38: 6 | Z38: =VLOOKUP(Y38, Lookups!$B$14:$C$21, 2, FALSE) -> Single carriageway | AA38: 30 | AB38: -1 | AC38: 13 | AD38: 4 | AE38: 6 | AF38: 0 | AG38: -1 | AH38: -1 | AI38: 0 | AJ38: 1 | AK38: =VLOOKUP(AJ38, Lookups!$B$23:$C$28, 2, FALSE) -> Daylight | AL38: 1 | AM38: =VLOOKUP(AL38, Lookups!$B$30:$C$39, 2, FALSE) -> Fine / Clear | AN38: 1 | AO38: =VLOOKUP(AN38, Lookups!$B$41:$C$49, 2, FALSE) -> Dry | AP38: -1 | AQ38: -1 | AR38: 0 | AS38: 1 | AT38: 3 | AU38: 2 | AV38: E01032462 | AW38: 3 | AX38: 1 | AY38: 0 | AZ38: 1
A39: 2025221565483 | B39: 2025 | C39: 221565483 | D39: 381990 | E39: 277698 | F39: -2.26611 | G39: 52.397 | H39: 22 | I39: 2 | J39: =VLOOKUP(I39, Lookups!$B$1:$C$4, 2, FALSE) -> Serious | K39: 4 | L39: 1 | M39: 45731 | N39: 7 | O39: =VLOOKUP(N39, Lookups!$B$6:$C$12, 2, FALSE) -> Saturday | P39: 0.91666667 | Q39: -1 | R39: E07000239 | S39: E10000034 | T39: E10000034 | U39: 3 | V39: =VLOOKUP(U39, Lookups!$B$51:$C$57, 2, FALSE) -> A | W39: 442 | X39: =V39&W39 -> A442 | Y39: 6 | Z39: =VLOOKUP(Y39, Lookups!$B$14:$C$21, 2, FALSE) -> Single carriageway | AA39: 30 | AB39: -1 | AC39: 0 | AD39: -1 | AE39: 6 | AF39: 0 | AG39: -1 | AH39: -1 | AI39: 0 | AJ39: 4 | AK39: =VLOOKUP(AJ39, Lookups!$B$23:$C$28, 2, FALSE) -> Darkness (Lit) | AL39: 1 | AM39: =VLOOKUP(AL39, Lookups!$B$30:$C$39, 2, FALSE) -> Fine / Clear | AN39: 1 | AO39: =VLOOKUP(AN39, Lookups!$B$41:$C$49, 2, FALSE) -> Dry | AP39: -1 | AQ39: -1 | AR39: 0 | AS39: 1 | AT39: 1 | AU39: 2 | AV39: E01032445 | AW39: 5 | AX39: 1 | AY39: 1 | AZ39: 0
A40: 2025221692311 | B40: 2025 | C40: 221692311 | D40: 390008 | E40: 242661 | F40: -2.14723 | G40: 52.08221 | H40: 22 | I40: 3 | J40: =VLOOKUP(I40, Lookups!$B$1:$C$4, 2, FALSE) -> Slight | K40: 1 | L40: 1 | M40: 46021 | N40: 3 | O40: =VLOOKUP(N40, Lookups!$B$6:$C$12, 2, FALSE) -> Tuesday | P40: 0.67916667 | Q40: -1 | R40: E07000238 | S40: E10000034 | T40: E10000034 | U40: 3 | V40: =VLOOKUP(U40, Lookups!$B$51:$C$57, 2, FALSE) -> A | W40: 4104 | X40: =V40&W40 -> A4104 | Y40: 6 | Z40: =VLOOKUP(Y40, Lookups!$B$14:$C$21, 2, FALSE) -> Single carriageway | AA40: 60 | AB40: -1 | AC40: 0 | AD40: -1 | AE40: 6 | AF40: 0 | AG40: -1 | AH40: -1 | AI40: 0 | AJ40: 6 | AK40: =VLOOKUP(AJ40, Lookups!$B$23:$C$28, 2, FALSE) -> Darkness (Unlit) | AL40: 1 | AM40: =VLOOKUP(AL40, Lookups!$B$30:$C$39, 2, FALSE) -> Fine / Clear | AN40: 2 | AO40: =VLOOKUP(AN40, Lookups!$B$41:$C$49, 2, FALSE) -> Wet / damp | AP40: -1 | AQ40: -1 | AR40: 0 | AS40: 2 | AT40: 1 | AU40: 2 | AV40: E01032372 | AW40: 3 | AX40: 1 | AY40: 0 | AZ40: 1
A41: 2025221563792 | B41: 2025 | C41: 221563792 | D41: 382441 | E41: 275537 | F41: -2.25937 | G41: 52.37759 | H41: 22 | I41: 3 | J41: =VLOOKUP(I41, Lookups!$B$1:$C$4, 2, FALSE) -> Slight | K41: 2 | L41: 1 | M41: 45727 | N41: 3 | O41: =VLOOKUP(N41, Lookups!$B$6:$C$12, 2, FALSE) -> Tuesday | P41: 0.58680556 | Q41: -1 | R41: E07000239 | S41: E10000034 | T41: E10000034 | U41: 3 | V41: =VLOOKUP(U41, Lookups!$B$51:$C$57, 2, FALSE) -> A | W41: 451 | X41: =V41&W41 -> A451 | Y41: 6 | Z41: =VLOOKUP(Y41, Lookups!$B$14:$C$21, 2, FALSE) -> Single carriageway | AA41: 30 | AB41: -1 | AC41: 13 | AD41: 2 | AE41: 3 | AF41: 4535 | AG41: -1 | AH41: -1 | AI41: 0 | AJ41: 1 | AK41: =VLOOKUP(AJ41, Lookups!$B$23:$C$28, 2, FALSE) -> Daylight | AL41: 1 | AM41: =VLOOKUP(AL41, Lookups!$B$30:$C$39, 2, FALSE) -> Fine / Clear | AN41: 1 | AO41: =VLOOKUP(AN41, Lookups!$B$41:$C$49, 2, FALSE) -> Dry | AP41: -1 | AQ41: -1 | AR41: 0 | AS41: 1 | AT41: 3 | AU41: 2 | AV41: E01032478 | AW41: 3 | AX41: 1 | AY41: 0 | AZ41: 1
A42: 2025221573069 | B42: 2025 | C42: 221573069 | D42: 384950 | E42: 255138 | F42: -2.22159 | G42: 52.19427 | H42: 22 | I42: 3 | J42: =VLOOKUP(I42, Lookups!$B$1:$C$4, 2, FALSE) -> Slight | K42: 2 | L42: 1 | M42: 45750 | N42: 5 | O42: =VLOOKUP(N42, Lookups!$B$6:$C$12, 2, FALSE) -> Thursday | P42: 0.45347222 | Q42: -1 | R42: E07000237 | S42: E10000034 | T42: E10000034 | U42: 3 | V42: =VLOOKUP(U42, Lookups!$B$51:$C$57, 2, FALSE) -> A | W42: 38 | X42: =V42&W42 -> A38 | Y42: 2 | Z42: =VLOOKUP(Y42, Lookups!$B$14:$C$21, 2, FALSE) -> One way street | AA42: 30 | AB42: -1 | AC42: 16 | AD42: 2 | AE42: 4 | AF42: 4205 | AG42: -1 | AH42: -1 | AI42: 15 | AJ42: 1 | AK42: =VLOOKUP(AJ42, Lookups!$B$23:$C$28, 2, FALSE) -> Daylight | AL42: 1 | AM42: =VLOOKUP(AL42, Lookups!$B$30:$C$39, 2, FALSE) -> Fine / Clear | AN42: 1 | AO42: =VLOOKUP(AN42, Lookups!$B$41:$C$49, 2, FALSE) -> Dry | AP42: -1 | AQ42: -1 | AR42: 0 | AS42: 1 | AT42: 1 | AU42: 2 | AV42: E01033247 | AW42: 3 | AX42: 1 | AY42: 0 | AZ42: 1
A43: 2025221576967 | B43: 2025 | C43: 221576967 | D43: 378345 | E43: 275280 | F43: -2.31952 | G43: 52.37513 | H43: 22 | I43: 2 | J43: =VLOOKUP(I43, Lookups!$B$1:$C$4, 2, FALSE) -> Serious | K43: 2 | L43: 3 | M43: 45758 | N43: 6 | O43: =VLOOKUP(N43, Lookups!$B$6:$C$12, 2, FALSE) -> Friday | P43: 0.82638889 | Q43: -1 | R43: E07000239 | S43: E10000034 | T43: E10000034 | U43: 6 | V43: =VLOOKUP(U43, Lookups!$B$51:$C$57, 2, FALSE) -> Unclassified | W43: 0 | X43: Unclassified | Y43: 6 | Z43: =VLOOKUP(Y43, Lookups!$B$14:$C$21, 2, FALSE) -> Single carriageway | AA43: 30 | AB43: -1 | AC43: 0 | AD43: -1 | AE43: 4 | AF43: 4190 | AG43: -1 | AH43: -1 | AI43: 0 | AJ43: 1 | AK43: =VLOOKUP(AJ43, Lookups!$B$23:$C$28, 2, FALSE) -> Daylight | AL43: 1 | AM43: =VLOOKUP(AL43, Lookups!$B$30:$C$39, 2, FALSE) -> Fine / Clear | AN43: 1 | AO43: =VLOOKUP(AN43, Lookups!$B$41:$C$49, 2, FALSE) -> Dry | AP43: -1 | AQ43: -1 | AR43: 0 | AS43: 2 | AT43: 1 | AU43: 2 | AV43: E01032428 | AW43: 7 | AX43: 1 | AY43: 1 | AZ43: 0
A44: 2025221615392 | B44: 2025 | C44: 221615392 | D44: 404249 | E44: 242109 | F44: -1.93942 | G44: 52.07733 | H44: 22 | I44: 3 | J44: =VLOOKUP(I44, Lookups!$B$1:$C$4, 2, FALSE) -> Slight | K44: 2 | L44: 2 | M44: 45851 | N44: 1 | O44: =VLOOKUP(N44, Lookups!$B$6:$C$12, 2, FALSE) -> Sunday | P44: 0.42708333 | Q44: -1 | R44: E07000238 | S44: E10000034 | T44: E10000034 | U44: 6 | V44: =VLOOKUP(U44, Lookups!$B$51:$C$57, 2, FALSE) -> Unclassified | W44: 0 | X44: Unclassified | Y44: 6 | Z44: =VLOOKUP(Y44, Lookups!$B$14:$C$21, 2, FALSE) -> Single carriageway | AA44: 30 | AB44: -1 | AC44: 19 | AD44: 4 | AE44: 6 | AF44: 0 | AG44: -1 | AH44: -1 | AI44: 0 | AJ44: 1 | AK44: =VLOOKUP(AJ44, Lookups!$B$23:$C$28, 2, FALSE) -> Daylight | AL44: 1 | AM44: =VLOOKUP(AL44, Lookups!$B$30:$C$39, 2, FALSE) -> Fine / Clear | AN44: 1 | AO44: =VLOOKUP(AN44, Lookups!$B$41:$C$49, 2, FALSE) -> Dry | AP44: -1 | AQ44: -1 | AR44: 0 | AS44: 1 | AT44: 3 | AU44: 2 | AV44: E01032398 | AW44: 3 | AX44: 1 | AY44: 0 | AZ44: 1
A45: 2025221651934 | B45: 2025 | C45: 221651934 | D45: 379620 | E45: 274639 | F45: -2.30075 | G45: 52.36941 | H45: 22 | I45: 3 | J45: =VLOOKUP(I45, Lookups!$B$1:$C$4, 2, FALSE) -> Slight | K45: 2 | L45: 1 | M45: 45938 | N45: 4 | O45: =VLOOKUP(N45, Lookups!$B$6:$C$12, 2, FALSE) -> Wednesday | P45: 0.60416667 | Q45: -1 | R45: E07000239 | S45: E10000034 | T45: E10000034 | U45: 3 | V45: =VLOOKUP(U45, Lookups!$B$51:$C$57, 2, FALSE) -> A | W45: 456 | X45: =V45&W45 -> A456 | Y45: 6 | Z45: =VLOOKUP(Y45, Lookups!$B$14:$C$21, 2, FALSE) -> Single carriageway | AA45: 30 | AB45: -1 | AC45: 13 | AD45: 2 | AE45: 4 | AF45: 4195 | AG45: -1 | AH45: -1 | AI45: 14 | AJ45: 1 | AK45: =VLOOKUP(AJ45, Lookups!$B$23:$C$28, 2, FALSE) -> Daylight | AL45: 1 | AM45: =VLOOKUP(AL45, Lookups!$B$30:$C$39, 2, FALSE) -> Fine / Clear | AN45: 1 | AO45: =VLOOKUP(AN45, Lookups!$B$41:$C$49, 2, FALSE) -> Dry | AP45: -1 | AQ45: -1 | AR45: 0 | AS45: 2 | AT45: 3 | AU45: 2 | AV45: E01032480 | AW45: 3 | AX45: 1 | AY45: 0 | AZ45: 1
A46: 2025221562942 | B46: 2025 | C46: 221562942 | D46: 401873 | E46: 261152 | F46: -1.97399 | G46: 52.24854 | H46: 22 | I46: 2 | J46: =VLOOKUP(I46, Lookups!$B$1:$C$4, 2, FALSE) -> Serious | K46: 2 | L46: 1 | M46: 45725 | N46: 1 | O46: =VLOOKUP(N46, Lookups!$B$6:$C$12, 2, FALSE) -> Sunday | P46: 0.63888889 | Q46: -1 | R46: E07000236 | S46: E10000034 | T46: E10000034 | U46: 4 | V46: =VLOOKUP(U46, Lookups!$B$51:$C$57, 2, FALSE) -> B | W46: 4090 | X46: =V46&W46 -> B4090 | Y46: 6 | Z46: =VLOOKUP(Y46, Lookups!$B$14:$C$21, 2, FALSE) -> Single carriageway | AA46: 60 | AB46: -1 | AC46: 0 | AD46: -1 | AE46: 6 | AF46: 0 | AG46: -1 | AH46: -1 | AI46: 0 | AJ46: 1 | AK46: =VLOOKUP(AJ46, Lookups!$B$23:$C$28, 2, FALSE) -> Daylight | AL46: 1 | AM46: =VLOOKUP(AL46, Lookups!$B$30:$C$39, 2, FALSE) -> Fine / Clear | AN46: 1 | AO46: =VLOOKUP(AN46, Lookups!$B$41:$C$49, 2, FALSE) -> Dry | AP46: -1 | AQ46: -1 | AR46: 0 | AS46: 2 | AT46: 1 | AU46: 2 | AV46: E01032228 | AW46: 7 | AX46: 1 | AY46: 1 | AZ46: 0
A47: 2025221572485 | B47: 2025 | C47: 221572485 | D47: 381843 | E47: 233644 | F47: -2.26589 | G47: 52.00094 | H47: 22 | I47: 2 | J47: =VLOOKUP(I47, Lookups!$B$1:$C$4, 2, FALSE) -> Serious | K47: 2 | L47: 2 | M47: 45748 | N47: 3 | O47: =VLOOKUP(N47, Lookups!$B$6:$C$12, 2, FALSE) -> Tuesday | P47: 0.34652778 | Q47: -1 | R47: E07000235 | S47: E10000034 | T47: E10000034 | U47: 1 | V47: =VLOOKUP(U47, Lookups!$B$51:$C$57, 2, FALSE) -> M | W47: 50 | X47: =V47&W47 -> M50 | Y47: 3 | Z47: =VLOOKUP(Y47, Lookups!$B$14:$C$21, 2, FALSE) -> Dual carriageway | AA47: 70 | AB47: -1 | AC47: 0 | AD47: -1 | AE47: 0 | AF47: -1 | AG47: -1 | AH47: -1 | AI47: 0 | AJ47: 1 | AK47: =VLOOKUP(AJ47, Lookups!$B$23:$C$28, 2, FALSE) -> Daylight | AL47: 1 | AM47: =VLOOKUP(AL47, Lookups!$B$30:$C$39, 2, FALSE) -> Fine / Clear | AN47: 1 | AO47: =VLOOKUP(AN47, Lookups!$B$41:$C$49, 2, FALSE) -> Dry | AP47: -1 | AQ47: -1 | AR47: 0 | AS47: 2 | AT47: 1 | AU47: 1 | AV47: E01032198 | AW47: 5 | AX47: 1 | AY47: 1 | AZ47: 0
A48: 2025221558220 | B48: 2025 | C48: 221558220 | D48: 390685 | E48: 259612 | F48: -2.13782 | G48: 52.23462 | H48: 22 | I48: 3 | J48: =VLOOKUP(I48, Lookups!$B$1:$C$4, 2, FALSE) -> Slight | K48: 2 | L48: 1 | M48: 45713 | N48: 3 | O48: =VLOOKUP(N48, Lookups!$B$6:$C$12, 2, FALSE) -> Tuesday | P48: 0.50416667 | Q48: -1 | R48: E07000238 | S48: E10000034 | T48: E10000034 | U48: 1 | V48: =VLOOKUP(U48, Lookups!$B$51:$C$57, 2, FALSE) -> M | W48: 5 | X48: =V48&W48 -> M5 | Y48: 3 | Z48: =VLOOKUP(Y48, Lookups!$B$14:$C$21, 2, FALSE) -> Dual carriageway | AA48: 70 | AB48: -1 | AC48: 0 | AD48: -1 | AE48: 0 | AF48: -1 | AG48: -1 | AH48: -1 | AI48: 0 | AJ48: 1 | AK48: =VLOOKUP(AJ48, Lookups!$B$23:$C$28, 2, FALSE) -> Daylight | AL48: 1 | AM48: =VLOOKUP(AL48, Lookups!$B$30:$C$39, 2, FALSE) -> Fine / Clear | AN48: 1 | AO48: =VLOOKUP(AN48, Lookups!$B$41:$C$49, 2, FALSE) -> Dry | AP48: -1 | AQ48: -1 | AR48: 0 | AS48: 2 | AT48: 1 | AU48: 1 | AV48: E01032345 | AW48: 3 | AX48: 1 | AY48: 0 | AZ48: 1
A49: 2025221552698 | B49: 2025 | C49: 221552698 | D49: 386734 | E49: 249306 | F49: -2.19526 | G49: 52.14188 | H49: 22 | I49: 3 | J49: =VLOOKUP(I49, Lookups!$B$1:$C$4, 2, FALSE) -> Slight | K49: 4 | L49: 1 | M49: 45698 | N49: 2 | O49: =VLOOKUP(N49, Lookups!$B$6:$C$12, 2, FALSE) -> Monday | P49: 0.45 | Q49: -1 | R49: E07000235 | S49: E10000034 | T49: E10000034 | U49: 1 | V49: =VLOOKUP(U49, Lookups!$B$51:$C$57, 2, FALSE) -> M | W49: 5 | X49: =V49&W49 -> M5 | Y49: 3 | Z49: =VLOOKUP(Y49, Lookups!$B$14:$C$21, 2, FALSE) -> Dual carriageway | AA49: 70 | AB49: -1 | AC49: 0 | AD49: -1 | AE49: 0 | AF49: -1 | AG49: -1 | AH49: -1 | AI49: 0 | AJ49: 1 | AK49: =VLOOKUP(AJ49, Lookups!$B$23:$C$28, 2, FALSE) -> Daylight | AL49: 2 | AM49: =VLOOKUP(AL49, Lookups!$B$30:$C$39, 2, FALSE) -> Rain | AN49: 2 | AO49: =VLOOKUP(AN49, Lookups!$B$41:$C$49, 2, FALSE) -> Wet / damp | AP49: -1 | AQ49: -1 | AR49: 0 | AS49: 2 | AT49: 1 | AU49: 1 | AV49: E01032191 | AW49: 3 | AX49: 1 | AY49: 0 | AZ49: 1
A50: 2025221578221 | B50: 2025 | C50: 221578221 | D50: 408943 | E50: 237128 | F50: -1.87105 | G50: 52.03249 | H50: 22 | I50: 3 | J50: =VLOOKUP(I50, Lookups!$B$1:$C$4, 2, FALSE) -> Slight | K50: 1 | L50: 1 | M50: 45751 | N50: 6 | O50: =VLOOKUP(N50, Lookups!$B$6:$C$12, 2, FALSE) -> Friday | P50: 0.86666667 | Q50: -1 | R50: E07000238 | S50: E10000034 | T50: E10000034 | U50: 6 | V50: =VLOOKUP(U50, Lookups!$B$51:$C$57, 2, FALSE) -> Unclassified | W50: 0 | X50: Unclassified | Y50: 6 | Z50: =VLOOKUP(Y50, Lookups!$B$14:$C$21, 2, FALSE) -> Single carriageway | AA50: 60 | AB50: -1 | AC50: 0 | AD50: -1 | AE50: 0 | AF50: -1 | AG50: -1 | AH50: -1 | AI50: 0 | AJ50: 6 | AK50: =VLOOKUP(AJ50, Lookups!$B$23:$C$28, 2, FALSE) -> Darkness (Unlit) | AL50: 1 | AM50: =VLOOKUP(AL50, Lookups!$B$30:$C$39, 2, FALSE) -> Fine / Clear | AN50: 1 | AO50: =VLOOKUP(AN50, Lookups!$B$41:$C$49, 2, FALSE) -> Dry | AP50: -1 | AQ50: -1 | AR50: 0 | AS50: 2 | AT50: 1 | AU50: 2 | AV50: E01032351 | AW50: 3 | AX50: 1 | AY50: 0 | AZ50: 1
A51: 2025221665254 | B51: 2025 | C51: 221665254 | D51: 402070 | E51: 261067 | F51: -1.9711 | G51: 52.24778 | H51: 22 | I51: 2 | J51: =VLOOKUP(I51, Lookups!$B$1:$C$4, 2, FALSE) -> Serious | K51: 2 | L51: 1 | M51: 45969 | N51: 7 | O51: =VLOOKUP(N51, Lookups!$B$6:$C$12, 2, FALSE) -> Saturday | P51: 0.027777778 | Q51: -1 | R51: E07000236 | S51: E10000034 | T51: E10000034 | U51: 4 | V51: =VLOOKUP(U51, Lookups!$B$51:$C$57, 2, FALSE) -> B | W51: 4090 | X51: =V51&W51 -> B4090 | Y51: 6 | Z51: =VLOOKUP(Y51, Lookups!$B$14:$C$21, 2, FALSE) -> Single carriageway | AA51: 60 | AB51: -1 | AC51: 0 | AD51: -1 | AE51: 6 | AF51: 0 | AG51: -1 | AH51: -1 | AI51: 0 | AJ51: 6 | AK51: =VLOOKUP(AJ51, Lookups!$B$23:$C$28, 2, FALSE) -> Darkness (Unlit) | AL51: 1 | AM51: =VLOOKUP(AL51, Lookups!$B$30:$C$39, 2, FALSE) -> Fine / Clear | AN51: 2 | AO51: =VLOOKUP(AN51, Lookups!$B$41:$C$49, 2, FALSE) -> Wet / damp | AP51: -1 | AQ51: -1 | AR51: 0 | AS51: 2 | AT51: 1 | AU51: 2 | AV51: E01032228 | AW51: 7 | AX51: 1 | AY51: 1 | AZ51: 0
A52: 2025221543033 | B52: 2025 | C52: 221543033 | D52: 387114 | E52: 256096 | F52: -2.18997 | G52: 52.20294 | H52: 22 | I52: 3 | J52: =VLOOKUP(I52, Lookups!$B$1:$C$4, 2, FALSE) -> Slight | K52: 2 | L52: 1 | M52: 45673 | N52: 5 | O52: =VLOOKUP(N52, Lookups!$B$6:$C$12, 2, FALSE) -> Thursday | P52: 0.60069444 | Q52: -1 | R52: E07000237 | S52: E10000034 | T52: E10000034 | U52: 6 | V52: =VLOOKUP(U52, Lookups!$B$51:$C$57, 2, FALSE) -> Unclassified | W52: 0 | X52: Unclassified | Y52: 6 | Z52: =VLOOKUP(Y52, Lookups!$B$14:$C$21, 2, FALSE) -> Single carriageway | AA52: 30 | AB52: -1 | AC52: 0 | AD52: -1 | AE52: 6 | AF52: 0 | AG52: -1 | AH52: -1 | AI52: -1 | AJ52: 1 | AK52: =VLOOKUP(AJ52, Lookups!$B$23:$C$28, 2, FALSE) -> Daylight | AL52: 1 | AM52: =VLOOKUP(AL52, Lookups!$B$30:$C$39, 2, FALSE) -> Fine / Clear | AN52: 1 | AO52: =VLOOKUP(AN52, Lookups!$B$41:$C$49, 2, FALSE) -> Dry | AP52: -1 | AQ52: -1 | AR52: 0 | AS52: 1 | AT52: 3 | AU52: 2 | AV52: E01032301 | AW52: 3 | AX52: 1 | AY52: 0 | AZ52: 1
A53: 2025221566341 | B53: 2025 | C53: 221566341 | D53: 383647 | E53: 274943 | F53: -2.24162 | G53: 52.37228 | H53: 22 | I53: 3 | J53: =VLOOKUP(I53, Lookups!$B$1:$C$4, 2, FALSE) -> Slight | K53: 2 | L53: 2 | M53: 45731 | N53: 7 | O53: =VLOOKUP(N53, Lookups!$B$6:$C$12, 2, FALSE) -> Saturday | P53: 0.87083333 | Q53: -1 | R53: E07000239 | S53: E10000034 | T53: E10000034 | U53: 3 | V53: =VLOOKUP(U53, Lookups!$B$51:$C$57, 2, FALSE) -> A | W53: 449 | X53: =V53&W53 -> A449 | Y53: 1 | Z53: =VLOOKUP(Y53, Lookups!$B$14:$C$21, 2, FALSE) -> Roundabout | AA53: 40 | AB53: -1 | AC53: -1 | AD53: 4 | AE53: 6 | AF53: 0 | AG53: -1 | AH53: -1 | AI53: 0 | AJ53: 4 | AK53: =VLOOKUP(AJ53, Lookups!$B$23:$C$28, 2, FALSE) -> Darkness (Lit) | AL53: 1 | AM53: =VLOOKUP(AL53, Lookups!$B$30:$C$39, 2, FALSE) -> Fine / Clear | AN53: 1 | AO53: =VLOOKUP(AN53, Lookups!$B$41:$C$49, 2, FALSE) -> Dry | AP53: -1 | AQ53: -1 | AR53: 0 | AS53: 1 | AT53: 1 | AU53: 2 | AV53: E01032420 | AW53: 3 | AX53: 1 | AY53: 0 | AZ53: 1
A54: 2025221624406 | B54: 2025 | C54: 221624406 | D54: 404538 | E54: 243546 | F54: -1.93518 | G54: 52.09024 | H54: 22 | I54: 3 | J54: =VLOOKUP(I54, Lookups!$B$1:$C$4, 2, FALSE) -> Slight | K54: 2 | L54: 1 | M54: 45870 | N54: 6 | O54: =VLOOKUP(N54, Lookups!$B$6:$C$12, 2, FALSE) -> Friday | P54: 0.68958333 | Q54: -1 | R54: E07000238 | S54: E10000034 | T54: E10000034 | U54: 4 | V54: =VLOOKUP(U54, Lookups!$B$51:$C$57, 2, FALSE) -> B | W54: 4035 | X54: =V54&W54 -> B4035 | Y54: 6 | Z54: =VLOOKUP(Y54, Lookups!$B$14:$C$21, 2, FALSE) -> Single carriageway | AA54: 30 | AB54: -1 | AC54: 13 | AD54: 4 | AE54: 6 | AF54: 0 | AG54: -1 | AH54: -1 | AI54: 0 | AJ54: 1 | AK54: =VLOOKUP(AJ54, Lookups!$B$23:$C$28, 2, FALSE) -> Daylight | AL54: 1 | AM54: =VLOOKUP(AL54, Lookups!$B$30:$C$39, 2, FALSE) -> Fine / Clear | AN54: 1 | AO54: =VLOOKUP(AN54, Lookups!$B$41:$C$49, 2, FALSE) -> Dry | AP54: -1 | AQ54: -1 | AR54: 0 | AS54: 1 | AT54: 1 | AU54: 2 | AV54: E01034330 | AW54: 3 | AX54: 1 | AY54: 0 | AZ54: 1
A55: 2025221681090 | B55: 2025 | C55: 221681090 | D55: 408322 | E55: 277653 | F55: -1.87912 | G55: 52.39683 | H55: 22 | I55: 3 | J55: =VLOOKUP(I55, Lookups!$B$1:$C$4, 2, FALSE) -> Slight | K55: 1 | L55: 1 | M55: 46001 | N55: 4 | O55: =VLOOKUP(N55, Lookups!$B$6:$C$12, 2, FALSE) -> Wednesday | P55: 0.70833333 | Q55: -1 | R55: E07000234 | S55: E10000034 | T55: E10000034 | U55: 6 | V55: =VLOOKUP(U55, Lookups!$B$51:$C$57, 2, FALSE) -> Unclassified | W55: 0 | X55: Unclassified | Y55: 6 | Z55: =VLOOKUP(Y55, Lookups!$B$14:$C$21, 2, FALSE) -> Single carriageway | AA55: 30 | AB55: -1 | AC55: 19 | AD55: 4 | AE55: 6 | AF55: 0 | AG55: -1 | AH55: -1 | AI55: 0 | AJ55: 6 | AK55: =VLOOKUP(AJ55, Lookups!$B$23:$C$28, 2, FALSE) -> Darkness (Unlit) | AL55: 1 | AM55: =VLOOKUP(AL55, Lookups!$B$30:$C$39, 2, FALSE) -> Fine / Clear | AN55: 2 | AO55: =VLOOKUP(AN55, Lookups!$B$41:$C$49, 2, FALSE) -> Wet / damp | AP55: -1 | AQ55: -1 | AR55: 0 | AS55: 1 | AT55: 1 | AU55: 2 | AV55: E01032145 | AW55: 3 | AX55: 1 | AY55: 0 | AZ55: 1
A56: 2025221684506 | B56: 2025 | C56: 221684506 | D56: 397521 | E56: 270526 | F56: -2.0378 | G56: 52.33282 | H56: 22 | I56: 2 | J56: =VLOOKUP(I56, Lookups!$B$1:$C$4, 2, FALSE) -> Serious | K56: 2 | L56: 1 | M56: 46007 | N56: 3 | O56: =VLOOKUP(N56, Lookups!$B$6:$C$12, 2, FALSE) -> Tuesday | P56: 0.68055556 | Q56: -1 | R56: E07000234 | S56: E10000034 | T56: E10000034 | U56: 3 | V56: =VLOOKUP(U56, Lookups!$B$51:$C$57, 2, FALSE) -> A | W56: 448 | X56: =V56&W56 -> A448 | Y56: 3 | Z56: =VLOOKUP(Y56, Lookups!$B$14:$C$21, 2, FALSE) -> Dual carriageway | AA56: 70 | AB56: -1 | AC56: 0 | AD56: -1 | AE56: 6 | AF56: 0 | AG56: -1 | AH56: -1 | AI56: 0 | AJ56: 1 | AK56: =VLOOKUP(AJ56, Lookups!$B$23:$C$28, 2, FALSE) -> Daylight | AL56: 1 | AM56: =VLOOKUP(AL56, Lookups!$B$30:$C$39, 2, FALSE) -> Fine / Clear | AN56: 2 | AO56: =VLOOKUP(AN56, Lookups!$B$41:$C$49, 2, FALSE) -> Wet / damp | AP56: -1 | AQ56: -1 | AR56: 0 | AS56: 2 | AT56: 3 | AU56: 2 | AV56: E01033059 | AW56: 7 | AX56: 1 | AY56: 1 | AZ56: 0
A57: 2025221574670 | B57: 2025 | C57: 221574670 | D57: 382938 | E57: 274863 | F57: -2.25203 | G57: 52.37154 | H57: 22 | I57: 3 | J57: =VLOOKUP(I57, Lookups!$B$1:$C$4, 2, FALSE) -> Slight | K57: 1 | L57: 2 | M57: 45750 | N57: 5 | O57: =VLOOKUP(N57, Lookups!$B$6:$C$12, 2, FALSE) -> Thursday | P57: 0.72430556 | Q57: -1 | R57: E07000239 | S57: E10000034 | T57: E10000034 | U57: 3 | V57: =VLOOKUP(U57, Lookups!$B$51:$C$57, 2, FALSE) -> A | W57: 4420 | X57: =V57&W57 -> A4420 | Y57: 6 | Z57: =VLOOKUP(Y57, Lookups!$B$14:$C$21, 2, FALSE) -> Single carriageway | AA57: 30 | AB57: -1 | AC57: 0 | AD57: -1 | AE57: 6 | AF57: 0 | AG57: -1 | AH57: -1 | AI57: 0 | AJ57: 1 | AK57: =VLOOKUP(AJ57, Lookups!$B$23:$C$28, 2, FALSE) -> Daylight | AL57: 1 | AM57: =VLOOKUP(AL57, Lookups!$B$30:$C$39, 2, FALSE) -> Fine / Clear | AN57: 1 | AO57: =VLOOKUP(AN57, Lookups!$B$41:$C$49, 2, FALSE) -> Dry | AP57: -1 | AQ57: -1 | AR57: 0 | AS57: 2 | AT57: 1 | AU57: 2 | AV57: E01032418 | AW57: 3 | AX57: 1 | AY57: 0 | AZ57: 1
A58: 2025221676379 | B58: 2025 | C58: 221676379 | D58: 388120 | E58: 254896 | F58: -2.17521 | G58: 52.19217 | H58: 22 | I58: 3 | J58: =VLOOKUP(I58, Lookups!$B$1:$C$4, 2, FALSE) -> Slight | K58: 3 | L58: 1 | M58: 45992 | N58: 2 | O58: =VLOOKUP(N58, Lookups!$B$6:$C$12, 2, FALSE) -> Monday | P58: 0.32638889 | Q58: -1 | R58: E07000237 | S58: E10000034 | T58: E10000034 | U58: 4 | V58: =VLOOKUP(U58, Lookups!$B$51:$C$57, 2, FALSE) -> B | W58: 4636 | X58: =V58&W58 -> B4636 | Y58: 6 | Z58: =VLOOKUP(Y58, Lookups!$B$14:$C$21, 2, FALSE) -> Single carriageway | AA58: 30 | AB58: -1 | AC58: 0 | AD58: -1 | AE58: 0 | AF58: -1 | AG58: -1 | AH58: -1 | AI58: 14 | AJ58: 1 | AK58: =VLOOKUP(AJ58, Lookups!$B$23:$C$28, 2, FALSE) -> Daylight | AL58: 2 | AM58: =VLOOKUP(AL58, Lookups!$B$30:$C$39, 2, FALSE) -> Rain | AN58: 2 | AO58: =VLOOKUP(AN58, Lookups!$B$41:$C$49, 2, FALSE) -> Wet / damp | AP58: -1 | AQ58: -1 | AR58: 0 | AS58: 2 | AT58: 1 | AU58: 2 | AV58: E01032339 | AW58: 3 | AX58: 1 | AY58: 0 | AZ58: 1
A59: 2025221685618 | B59: 2025 | C59: 221685618 | D59: 379001 | E59: 281310 | F59: -2.31026 | G59: 52.42936 | H59: 22 | I59: 3 | J59: =VLOOKUP(I59, Lookups!$B$1:$C$4, 2, FALSE) -> Slight | K59: 2 | L59: 1 | M59: 46010 | N59: 6 | O59: =VLOOKUP(N59, Lookups!$B$6:$C$12, 2, FALSE) -> Friday | P59: 0.78611111 | Q59: -1 | R59: E07000239 | S59: E10000034 | T59: E10000034 | U59: 3 | V59: =VLOOKUP(U59, Lookups!$B$51:$C$57, 2, FALSE) -> A | W59: 442 | X59: =V59&W59 -> A442 | Y59: 6 | Z59: =VLOOKUP(Y59, Lookups!$B$14:$C$21, 2, FALSE) -> Single carriageway | AA59: 40 | AB59: -1 | AC59: 16 | AD59: 4 | AE59: 6 | AF59: 0 | AG59: -1 | AH59: -1 | AI59: 0 | AJ59: 6 | AK59: =VLOOKUP(AJ59, Lookups!$B$23:$C$28, 2, FALSE) -> Darkness (Unlit) | AL59: 1 | AM59: =VLOOKUP(AL59, Lookups!$B$30:$C$39, 2, FALSE) -> Fine / Clear | AN59: 2 | AO59: =VLOOKUP(AN59, Lookups!$B$41:$C$49, 2, FALSE) -> Wet / damp | AP59: -1 | AQ59: -1 | AR59: 0 | AS59: 2 | AT59: 1 | AU59: 2 | AV59: E01032430 | AW59: 3 | AX59: 1 | AY59: 0 | AZ59: 1
A60: 2025221568591 | B60: 2025 | C60: 221568591 | D60: 377652 | E60: 246854 | F60: -2.32781 | G60: 52.11955 | H60: 22 | I60: 3 | J60: =VLOOKUP(I60, Lookups!$B$1:$C$4, 2, FALSE) -> Slight | K60: 2 | L60: 1 | M60: 45737 | N60: 6 | O60: =VLOOKUP(N60, Lookups!$B$6:$C$12, 2, FALSE) -> Friday | P60: 0.59375 | Q60: -1 | R60: E07000235 | S60: E10000034 | T60: E10000034 | U60: 6 | V60: =VLOOKUP(U60, Lookups!$B$51:$C$57, 2, FALSE) -> Unclassified | W60: 0 | X60: Unclassified | Y60: 6 | Z60: =VLOOKUP(Y60, Lookups!$B$14:$C$21, 2, FALSE) -> Single carriageway | AA60: 30 | AB60: -1 | AC60: 0 | AD60: -1 | AE60: 0 | AF60: -1 | AG60: -1 | AH60: -1 | AI60: 0 | AJ60: 1 | AK60: =VLOOKUP(AJ60, Lookups!$B$23:$C$28, 2, FALSE) -> Daylight | AL60: 1 | AM60: =VLOOKUP(AL60, Lookups!$B$30:$C$39, 2, FALSE) -> Fine / Clear | AN60: 1 | AO60: =VLOOKUP(AN60, Lookups!$B$41:$C$49, 2, FALSE) -> Dry | AP60: -1 | AQ60: -1 | AR60: 0 | AS60: 1 | AT60: 3 | AU60: 2 | AV60: E01032208 | AW60: 3 | AX60: 1 | AY60: 0 | AZ60: 1
A61: 2025221665606 | B61: 2025 | C61: 221665606 | D61: 395361 | E61: 268911 | F61: -2.06948 | G61: 52.31828 | H61: 22 | I61: 3 | J61: =VLOOKUP(I61, Lookups!$B$1:$C$4, 2, FALSE) -> Slight | K61: 2 | L61: 1 | M61: 45968 | N61: 6 | O61: =VLOOKUP(N61, Lookups!$B$6:$C$12, 2, FALSE) -> Friday | P61: 0.95138889 | Q61: -1 | R61: E07000234 | S61: E10000034 | T61: E10000034 | U61: 6 | V61: =VLOOKUP(U61, Lookups!$B$51:$C$57, 2, FALSE) -> Unclassified | W61: 0 | X61: Unclassified | Y61: 6 | Z61: =VLOOKUP(Y61, Lookups!$B$14:$C$21, 2, FALSE) -> Single carriageway | AA61: 30 | AB61: -1 | AC61: 13 | AD61: 4 | AE61: 6 | AF61: 0 | AG61: -1 | AH61: -1 | AI61: 0 | AJ61: 4 | AK61: =VLOOKUP(AJ61, Lookups!$B$23:$C$28, 2, FALSE) -> Darkness (Lit) | AL61: 2 | AM61: =VLOOKUP(AL61, Lookups!$B$30:$C$39, 2, FALSE) -> Rain | AN61: 2 | AO61: =VLOOKUP(AN61, Lookups!$B$41:$C$49, 2, FALSE) -> Wet / damp | AP61: -1 | AQ61: -1 | AR61: 0 | AS61: 1 | AT61: 1 | AU61: 2 | AV61: E01033062 | AW61: 3 | AX61: 1 | AY61: 0 | AZ61: 1
A62: 2025221682169 | B62: 2025 | C62: 221682169 | D62: 384604 | E62: 256927 | F62: -2.22674 | G62: 52.21034 | H62: 22 | I62: 3 | J62: =VLOOKUP(I62, Lookups!$B$1:$C$4, 2, FALSE) -> Slight | K62: 2 | L62: 1 | M62: 46002 | N62: 5 | O62: =VLOOKUP(N62, Lookups!$B$6:$C$12, 2, FALSE) -> Thursday | P62: 0.78819444 | Q62: -1 | R62: E07000237 | S62: E10000034 | T62: E10000034 | U62: 3 | V62: =VLOOKUP(U62, Lookups!$B$51:$C$57, 2, FALSE) -> A | W62: 449 | X62: =V62&W62 -> A449 | Y62: 6 | Z62: =VLOOKUP(Y62, Lookups!$B$14:$C$21, 2, FALSE) -> Single carriageway | AA62: 30 | AB62: -1 | AC62: 19 | AD62: 4 | AE62: 6 | AF62: 0 | AG62: -1 | AH62: -1 | AI62: 0 | AJ62: 4 | AK62: =VLOOKUP(AJ62, Lookups!$B$23:$C$28, 2, FALSE) -> Darkness (Lit) | AL62: 1 | AM62: =VLOOKUP(AL62, Lookups!$B$30:$C$39, 2, FALSE) -> Fine / Clear | AN62: 2 | AO62: =VLOOKUP(AN62, Lookups!$B$41:$C$49, 2, FALSE) -> Wet / damp | AP62: -1 | AQ62: -1 | AR62: 0 | AS62: 1 | AT62: 3 | AU62: 2 | AV62: E01032296 | AW62: 3 | AX62: 1 | AY62: 0 | AZ62: 1
A63: 2025221576791 | B63: 2025 | C63: 221576791 | D63: 382139 | E63: 276534 | F63: -2.26386 | G63: 52.38654 | H63: 22 | I63: 3 | J63: =VLOOKUP(I63, Lookups!$B$1:$C$4, 2, FALSE) -> Slight | K63: 1 | L63: 1 | M63: 45750 | N63: 5 | O63: =VLOOKUP(N63, Lookups!$B$6:$C$12, 2, FALSE) -> Thursday | P63: 0.55208333 | Q63: -1 | R63: E07000239 | S63: E10000034 | T63: E10000034 | U63: 3 | V63: =VLOOKUP(U63, Lookups!$B$51:$C$57, 2, FALSE) -> A | W63: 4535 | X63: =V63&W63 -> A4535 | Y63: 6 | Z63: =VLOOKUP(Y63, Lookups!$B$14:$C$21, 2, FALSE) -> Single carriageway | AA63: 30 | AB63: -1 | AC63: 13 | AD63: 4 | AE63: 6 | AF63: 0 | AG63: -1 | AH63: -1 | AI63: 0 | AJ63: 1 | AK63: =VLOOKUP(AJ63, Lookups!$B$23:$C$28, 2, FALSE) -> Daylight | AL63: 1 | AM63: =VLOOKUP(AL63, Lookups!$B$30:$C$39, 2, FALSE) -> Fine / Clear | AN63: 1 | AO63: =VLOOKUP(AN63, Lookups!$B$41:$C$49, 2, FALSE) -> Dry | AP63: -1 | AQ63: -1 | AR63: 0 | AS63: 1 | AT63: 1 | AU63: 2 | AV63: E01032454 | AW63: 3 | AX63: 1 | AY63: 0 | AZ63: 1
A64: 2025221620815 | B64: 2025 | C64: 221620815 | D64: 382351 | E64: 251080 | F64: -2.2594 | G64: 52.15771 | H64: 22 | I64: 3 | J64: =VLOOKUP(I64, Lookups!$B$1:$C$4, 2, FALSE) -> Slight | K64: 2 | L64: 1 | M64: 45863 | N64: 6 | O64: =VLOOKUP(N64, Lookups!$B$6:$C$12, 2, FALSE) -> Friday | P64: 0.61388889 | Q64: -1 | R64: E07000235 | S64: E10000034 | T64: E10000034 | U64: 3 | V64: =VLOOKUP(U64, Lookups!$B$51:$C$57, 2, FALSE) -> A | W64: 449 | X64: =V64&W64 -> A449 | Y64: 6 | Z64: =VLOOKUP(Y64, Lookups!$B$14:$C$21, 2, FALSE) -> Single carriageway | AA64: 60 | AB64: -1 | AC64: 13 | AD64: 4 | AE64: 6 | AF64: 0 | AG64: -1 | AH64: -1 | AI64: 0 | AJ64: 1 | AK64: =VLOOKUP(AJ64, Lookups!$B$23:$C$28, 2, FALSE) -> Daylight | AL64: 1 | AM64: =VLOOKUP(AL64, Lookups!$B$30:$C$39, 2, FALSE) -> Fine / Clear | AN64: 1 | AO64: =VLOOKUP(AN64, Lookups!$B$41:$C$49, 2, FALSE) -> Dry | AP64: -1 | AQ64: -1 | AR64: 0 | AS64: 2 | AT64: 1 | AU64: 2 | AV64: E01032207 | AW64: 3 | AX64: 1 | AY64: 0 | AZ64: 1
A65: 2025221643827 | B65: 2025 | C65: 221643827 | D65: 403756 | E65: 244214 | F65: -1.94659 | G65: 52.09626 | H65: 22 | I65: 2 | J65: =VLOOKUP(I65, Lookups!$B$1:$C$4, 2, FALSE) -> Serious | K65: 1 | L65: 1 | M65: 45913 | N65: 7 | O65: =VLOOKUP(N65, Lookups!$B$6:$C$12, 2, FALSE) -> Saturday | P65: 0.11111111 | Q65: -1 | R65: E07000238 | S65: E10000034 | T65: E10000034 | U65: 3 | V65: =VLOOKUP(U65, Lookups!$B$51:$C$57, 2, FALSE) -> A | W65: 4184 | X65: =V65&W65 -> A4184 | Y65: 6 | Z65: =VLOOKUP(Y65, Lookups!$B$14:$C$21, 2, FALSE) -> Single carriageway | AA65: 30 | AB65: -1 | AC65: 0 | AD65: -1 | AE65: 6 | AF65: 0 | AG65: -1 | AH65: -1 | AI65: 0 | AJ65: 4 | AK65: =VLOOKUP(AJ65, Lookups!$B$23:$C$28, 2, FALSE) -> Darkness (Lit) | AL65: 1 | AM65: =VLOOKUP(AL65, Lookups!$B$30:$C$39, 2, FALSE) -> Fine / Clear | AN65: 1 | AO65: =VLOOKUP(AN65, Lookups!$B$41:$C$49, 2, FALSE) -> Dry | AP65: -1 | AQ65: -1 | AR65: 0 | AS65: 1 | AT65: 1 | AU65: 2 | AV65: E01032378 | AW65: 7 | AX65: 1 | AY65: 1 | AZ65: 0
A66: 2025221672691 | B66: 2025 | C66: 221672691 | D66: 389395 | E66: 256891 | F66: -2.15662 | G66: 52.21014 | H66: 22 | I66: 3 | J66: =VLOOKUP(I66, Lookups!$B$1:$C$4, 2, FALSE) -> Slight | K66: 1 | L66: 2 | M66: 45984 | N66: 1 | O66: =VLOOKUP(N66, Lookups!$B$6:$C$12, 2, FALSE) -> Sunday | P66: 0.75972222 | Q66: -1 | R66: E07000238 | S66: E10000034 | T66: E10000034 | U66: 3 | V66: =VLOOKUP(U66, Lookups!$B$51:$C$57, 2, FALSE) -> A | W66: 4538 | X66: =V66&W66 -> A4538 | Y66: 6 | Z66: =VLOOKUP(Y66, Lookups!$B$14:$C$21, 2, FALSE) -> Single carriageway | AA66: 60 | AB66: -1 | AC66: 0 | AD66: -1 | AE66: 0 | AF66: -1 | AG66: -1 | AH66: -1 | AI66: 0 | AJ66: 6 | AK66: =VLOOKUP(AJ66, Lookups!$B$23:$C$28, 2, FALSE) -> Darkness (Unlit) | AL66: 1 | AM66: =VLOOKUP(AL66, Lookups!$B$30:$C$39, 2, FALSE) -> Fine / Clear | AN66: 1 | AO66: =VLOOKUP(AN66, Lookups!$B$41:$C$49, 2, FALSE) -> Dry | AP66: -1 | AQ66: -1 | AR66: 0 | AS66: 2 | AT66: 1 | AU66: 2 | AV66: E01032346 | AW66: 3 | AX66: 1 | AY66: 0 | AZ66: 1
A67: 2025221608584 | B67: 2025 | C67: 221608584 | D67: 395534 | E67: 244936 | F67: -2.06662 | G67: 52.10274 | H67: 22 | I67: 1 | J67: =VLOOKUP(I67, Lookups!$B$1:$C$4, 2, FALSE) -> Fatal | K67: 1 | L67: 1 | M67: 45835 | N67: 6 | O67: =VLOOKUP(N67, Lookups!$B$6:$C$12, 2, FALSE) -> Friday | P67: 0.80625 | Q67: -1 | R67: E07000238 | S67: E10000034 | T67: E10000034 | U67: 4 | V67: =VLOOKUP(U67, Lookups!$B$51:$C$57, 2, FALSE) -> B | W67: 4084 | X67: =V67&W67 -> B4084 | Y67: 6 | Z67: =VLOOKUP(Y67, Lookups!$B$14:$C$21, 2, FALSE) -> Single carriageway | AA67: 40 | AB67: -1 | AC67: 0 | AD67: -1 | AE67: 0 | AF67: -1 | AG67: -1 | AH67: -1 | AI67: 0 | AJ67: 1 | AK67: =VLOOKUP(AJ67, Lookups!$B$23:$C$28, 2, FALSE) -> Daylight | AL67: 1 | AM67: =VLOOKUP(AL67, Lookups!$B$30:$C$39, 2, FALSE) -> Fine / Clear | AN67: 1 | AO67: =VLOOKUP(AN67, Lookups!$B$41:$C$49, 2, FALSE) -> Dry | AP67: -1 | AQ67: -1 | AR67: 0 | AS67: 2 | AT67: 1 | AU67: 2 | AV67: E01032383 | AW67: 1 | AX67: 1 | AY67: 0 | AZ67: 0
A68: 2025221658212 | B68: 2025 | C68: 221658212 | D68: 390546 | E68: 280490 | F68: -2.14045 | G68: 52.42232 | H68: 22 | I68: 3 | J68: =VLOOKUP(I68, Lookups!$B$1:$C$4, 2, FALSE) -> Slight | K68: 2 | L68: 1 | M68: 45952 | N68: 4 | O68: =VLOOKUP(N68, Lookups!$B$6:$C$12, 2, FALSE) -> Wednesday | P68: 0.66666667 | Q68: -1 | R68: E07000234 | S68: E10000034 | T68: E10000034 | U68: 4 | V68: =VLOOKUP(U68, Lookups!$B$51:$C$57, 2, FALSE) -> B | W68: 4187 | X68: =V68&W68 -> B4187 | Y68: 6 | Z68: =VLOOKUP(Y68, Lookups!$B$14:$C$21, 2, FALSE) -> Single carriageway | AA68: 30 | AB68: -1 | AC68: 13 | AD68: 4 | AE68: 6 | AF68: 0 | AG68: -1 | AH68: -1 | AI68: -1 | AJ68: 1 | AK68: =VLOOKUP(AJ68, Lookups!$B$23:$C$28, 2, FALSE) -> Daylight | AL68: 1 | AM68: =VLOOKUP(AL68, Lookups!$B$30:$C$39, 2, FALSE) -> Fine / Clear | AN68: 1 | AO68: =VLOOKUP(AN68, Lookups!$B$41:$C$49, 2, FALSE) -> Dry | AP68: -1 | AQ68: -1 | AR68: -1 | AS68: 1 | AT68: 3 | AU68: 2 | AV68: E01032141 | AW68: 3 | AX68: 1 | AY68: 0 | AZ68: 1
A69: 2025221666507 | B69: 2025 | C69: 221666507 | D69: 384836 | E69: 257070 | F69: -2.22335 | G69: 52.21164 | H69: 22 | I69: 3 | J69: =VLOOKUP(I69, Lookups!$B$1:$C$4, 2, FALSE) -> Slight | K69: 1 | L69: 1 | M69: 45972 | N69: 3 | O69: =VLOOKUP(N69, Lookups!$B$6:$C$12, 2, FALSE) -> Tuesday | P69: 0.32708333 | Q69: -1 | R69: E07000237 | S69: E10000034 | T69: E10000034 | U69: 3 | V69: =VLOOKUP(U69, Lookups!$B$51:$C$57, 2, FALSE) -> A | W69: 38 | X69: =V69&W69 -> A38 | Y69: 6 | Z69: =VLOOKUP(Y69, Lookups!$B$14:$C$21, 2, FALSE) -> Single carriageway | AA69: 30 | AB69: -1 | AC69: 0 | AD69: -1 | AE69: 6 | AF69: 0 | AG69: -1 | AH69: -1 | AI69: 17 | AJ69: 1 | AK69: =VLOOKUP(AJ69, Lookups!$B$23:$C$28, 2, FALSE) -> Daylight | AL69: 2 | AM69: =VLOOKUP(AL69, Lookups!$B$30:$C$39, 2, FALSE) -> Rain | AN69: 2 | AO69: =VLOOKUP(AN69, Lookups!$B$41:$C$49, 2, FALSE) -> Wet / damp | AP69: -1 | AQ69: -1 | AR69: 0 | AS69: 1 | AT69: 3 | AU69: 2 | AV69: E01032299 | AW69: 3 | AX69: 1 | AY69: 0 | AZ69: 1
A70: 2025221575078 | B70: 2025 | C70: 221575078 | D70: 380694 | E70: 271660 | F70: -2.28481 | G70: 52.34267 | H70: 22 | I70: 3 | J70: =VLOOKUP(I70, Lookups!$B$1:$C$4, 2, FALSE) -> Slight | K70: 1 | L70: 1 | M70: 45754 | N70: 2 | O70: =VLOOKUP(N70, Lookups!$B$6:$C$12, 2, FALSE) -> Monday | P70: 0.78819444 | Q70: -1 | R70: E07000239 | S70: E10000034 | T70: E10000034 | U70: 6 | V70: =VLOOKUP(U70, Lookups!$B$51:$C$57, 2, FALSE) -> Unclassified | W70: 0 | X70: Unclassified | Y70: 6 | Z70: =VLOOKUP(Y70, Lookups!$B$14:$C$21, 2, FALSE) -> Single carriageway | AA70: 30 | AB70: -1 | AC70: 16 | AD70: 4 | AE70: 6 | AF70: 0 | AG70: -1 | AH70: -1 | AI70: 0 | AJ70: 1 | AK70: =VLOOKUP(AJ70, Lookups!$B$23:$C$28, 2, FALSE) -> Daylight | AL70: 1 | AM70: =VLOOKUP(AL70, Lookups!$B$30:$C$39, 2, FALSE) -> Fine / Clear | AN70: 1 | AO70: =VLOOKUP(AN70, Lookups!$B$41:$C$49, 2, FALSE) -> Dry | AP70: -1 | AQ70: -1 | AR70: 0 | AS70: 1 | AT70: 1 | AU70: 2 | AV70: E01032459 | AW70: 3 | AX70: 1 | AY70: 0 | AZ70: 1
A71: 2025221590494 | B71: 2025 | C71: 221590494 | D71: 386862 | E71: 249852 | F71: -2.19341 | G71: 52.1468 | H71: 22 | I71: 3 | J71: =VLOOKUP(I71, Lookups!$B$1:$C$4, 2, FALSE) -> Slight | K71: 3 | L71: 2 | M71: 45792 | N71: 5 | O71: =VLOOKUP(N71, Lookups!$B$6:$C$12, 2, FALSE) -> Thursday | P71: 0.57361111 | Q71: -1 | R71: E07000235 | S71: E10000034 | T71: E10000034 | U71: 1 | V71: =VLOOKUP(U71, Lookups!$B$51:$C$57, 2, FALSE) -> M | W71: 5 | X71: =V71&W71 -> M5 | Y71: 3 | Z71: =VLOOKUP(Y71, Lookups!$B$14:$C$21, 2, FALSE) -> Dual carriageway | AA71: 70 | AB71: -1 | AC71: 0 | AD71: -1 | AE71: 0 | AF71: -1 | AG71: -1 | AH71: -1 | AI71: 0 | AJ71: 1 | AK71: =VLOOKUP(AJ71, Lookups!$B$23:$C$28, 2, FALSE) -> Daylight | AL71: 1 | AM71: =VLOOKUP(AL71, Lookups!$B$30:$C$39, 2, FALSE) -> Fine / Clear | AN71: 1 | AO71: =VLOOKUP(AN71, Lookups!$B$41:$C$49, 2, FALSE) -> Dry | AP71: -1 | AQ71: -1 | AR71: 0 | AS71: 2 | AT71: 1 | AU71: 1 | AV71: E01032191 | AW71: 3 | AX71: 1 | AY71: 0 | AZ71: 1
A72: 2025221604188 | B72: 2025 | C72: 221604188 | D72: 400124 | E72: 268951 | F72: -1.9996 | G72: 52.31866 | H72: 22 | I72: 3 | J72: =VLOOKUP(I72, Lookups!$B$1:$C$4, 2, FALSE) -> Slight | K72: 2 | L72: 1 | M72: 45798 | N72: 4 | O72: =VLOOKUP(N72, Lookups!$B$6:$C$12, 2, FALSE) -> Wednesday | P72: 0.59375 | Q72: -1 | R72: E07000234 | S72: E10000034 | T72: E10000034 | U72: 4 | V72: =VLOOKUP(U72, Lookups!$B$51:$C$57, 2, FALSE) -> B | W72: 4096 | X72: =V72&W72 -> B4096 | Y72: 6 | Z72: =VLOOKUP(Y72, Lookups!$B$14:$C$21, 2, FALSE) -> Single carriageway | AA72: 40 | AB72: -1 | AC72: 13 | AD72: 4 | AE72: 4 | AF72: 4184 | AG72: -1 | AH72: -1 | AI72: 0 | AJ72: 1 | AK72: =VLOOKUP(AJ72, Lookups!$B$23:$C$28, 2, FALSE) -> Daylight | AL72: 1 | AM72: =VLOOKUP(AL72, Lookups!$B$30:$C$39, 2, FALSE) -> Fine / Clear | AN72: 1 | AO72: =VLOOKUP(AN72, Lookups!$B$41:$C$49, 2, FALSE) -> Dry | AP72: -1 | AQ72: -1 | AR72: 0 | AS72: 2 | AT72: 1 | AU72: 2 | AV72: E01033243 | AW72: 3 | AX72: 1 | AY72: 0 | AZ72: 1
A73: 2025221631274 | B73: 2025 | C73: 221631274 | D73: 383716 | E73: 240331 | F73: -2.23893 | G73: 52.06111 | H73: 22 | I73: 3 | J73: =VLOOKUP(I73, Lookups!$B$1:$C$4, 2, FALSE) -> Slight | K73: 2 | L73: 3 | M73: 45889 | N73: 4 | O73: =VLOOKUP(N73, Lookups!$B$6:$C$12, 2, FALSE) -> Wednesday | P73: 0.54791667 | Q73: -1 | R73: E07000235 | S73: E10000034 | T73: E10000034 | U73: 6 | V73: =VLOOKUP(U73, Lookups!$B$51:$C$57, 2, FALSE) -> Unclassified | W73: 0 | X73: Unclassified | Y73: 6 | Z73: =VLOOKUP(Y73, Lookups!$B$14:$C$21, 2, FALSE) -> Single carriageway | AA73: 60 | AB73: -1 | AC73: 0 | AD73: -1 | AE73: 6 | AF73: 0 | AG73: -1 | AH73: -1 | AI73: 0 | AJ73: 1 | AK73: =VLOOKUP(AJ73, Lookups!$B$23:$C$28, 2, FALSE) -> Daylight | AL73: 1 | AM73: =VLOOKUP(AL73, Lookups!$B$30:$C$39, 2, FALSE) -> Fine / Clear | AN73: 1 | AO73: =VLOOKUP(AN73, Lookups!$B$41:$C$49, 2, FALSE) -> Dry | AP73: -1 | AQ73: -1 | AR73: 0 | AS73: 2 | AT73: 1 | AU73: 2 | AV73: E01032216 | AW73: 3 | AX73: 1 | AY73: 0 | AZ73: 1
A74: 2025221631957 | B74: 2025 | C74: 221631957 | D74: 396255 | E74: 271152 | F74: -2.05639 | G74: 52.33844 | H74: 22 | I74: 3 | J74: =VLOOKUP(I74, Lookups!$B$1:$C$4, 2, FALSE) -> Slight | K74: 2 | L74: 1 | M74: 45890 | N74: 5 | O74: =VLOOKUP(N74, Lookups!$B$6:$C$12, 2, FALSE) -> Thursday | P74: 0.60763889 | Q74: -1 | R74: E07000234 | S74: E10000034 | T74: E10000034 | U74: 6 | V74: =VLOOKUP(U74, Lookups!$B$51:$C$57, 2, FALSE) -> Unclassified | W74: 0 | X74: Unclassified | Y74: 6 | Z74: =VLOOKUP(Y74, Lookups!$B$14:$C$21, 2, FALSE) -> Single carriageway | AA74: 30 | AB74: -1 | AC74: 19 | AD74: 4 | AE74: 6 | AF74: 0 | AG74: -1 | AH74: -1 | AI74: 0 | AJ74: 1 | AK74: =VLOOKUP(AJ74, Lookups!$B$23:$C$28, 2, FALSE) -> Daylight | AL74: 1 | AM74: =VLOOKUP(AL74, Lookups!$B$30:$C$39, 2, FALSE) -> Fine / Clear | AN74: 1 | AO74: =VLOOKUP(AN74, Lookups!$B$41:$C$49, 2, FALSE) -> Dry | AP74: -1 | AQ74: -1 | AR74: 0 | AS74: 1 | AT74: 1 | AU74: 2 | AV74: E01032160 | AW74: 3 | AX74: 1 | AY74: 0 | AZ74: 1
A75: 2025221634282 | B75: 2025 | C75: 221634282 | D75: 403996 | E75: 275401 | F75: -1.94272 | G75: 52.37663 | H75: 22 | I75: 2 | J75: =VLOOKUP(I75, Lookups!$B$1:$C$4, 2, FALSE) -> Serious | K75: 2 | L75: 1 | M75: 45893 | N75: 1 | O75: =VLOOKUP(N75, Lookups!$B$6:$C$12, 2, FALSE) -> Sunday | P75: 0.44375 | Q75: -1 | R75: E07000234 | S75: E10000034 | T75: E10000034 | U75: 6 | V75: =VLOOKUP(U75, Lookups!$B$51:$C$57, 2, FALSE) -> Unclassified | W75: 0 | X75: Unclassified | Y75: 6 | Z75: =VLOOKUP(Y75, Lookups!$B$14:$C$21, 2, FALSE) -> Single carriageway | AA75: 60 | AB75: -1 | AC75: 0 | AD75: -1 | AE75: 0 | AF75: -1 | AG75: -1 | AH75: -1 | AI75: 0 | AJ75: 1 | AK75: =VLOOKUP(AJ75, Lookups!$B$23:$C$28, 2, FALSE) -> Daylight | AL75: 1 | AM75: =VLOOKUP(AL75, Lookups!$B$30:$C$39, 2, FALSE) -> Fine / Clear | AN75: 1 | AO75: =VLOOKUP(AN75, Lookups!$B$41:$C$49, 2, FALSE) -> Dry | AP75: -1 | AQ75: -1 | AR75: 0 | AS75: 2 | AT75: 1 | AU75: 2 | AV75: E01032122 | AW75: 7 | AX75: 1 | AY75: 1 | AZ75: 0
A76: 2025221561546 | B76: 2025 | C76: 221561546 | D76: 384586 | E76: 275820 | F76: -2.22787 | G76: 52.3802 | H76: 22 | I76: 3 | J76: =VLOOKUP(I76, Lookups!$B$1:$C$4, 2, FALSE) -> Slight | K76: 2 | L76: 1 | M76: 45719 | N76: 2 | O76: =VLOOKUP(N76, Lookups!$B$6:$C$12, 2, FALSE) -> Monday | P76: 0.51736111 | Q76: -1 | R76: E07000239 | S76: E10000034 | T76: E10000034 | U76: 3 | V76: =VLOOKUP(U76, Lookups!$B$51:$C$57, 2, FALSE) -> A | W76: 448 | X76: =V76&W76 -> A448 | Y76: 6 | Z76: =VLOOKUP(Y76, Lookups!$B$14:$C$21, 2, FALSE) -> Single carriageway | AA76: 30 | AB76: -1 | AC76: 13 | AD76: 4 | AE76: 6 | AF76: 0 | AG76: -1 | AH76: -1 | AI76: 0 | AJ76: 1 | AK76: =VLOOKUP(AJ76, Lookups!$B$23:$C$28, 2, FALSE) -> Daylight | AL76: 1 | AM76: =VLOOKUP(AL76, Lookups!$B$30:$C$39, 2, FALSE) -> Fine / Clear | AN76: 1 | AO76: =VLOOKUP(AN76, Lookups!$B$41:$C$49, 2, FALSE) -> Dry | AP76: -1 | AQ76: -1 | AR76: 0 | AS76: 1 | AT76: 1 | AU76: 2 | AV76: E01032467 | AW76: 3 | AX76: 1 | AY76: 0 | AZ76: 1
A77: 2025221565157 | B77: 2025 | C77: 221565157 | D77: 381792 | E77: 271739 | F77: -2.26869 | G77: 52.34342 | H77: 22 | I77: 3 | J77: =VLOOKUP(I77, Lookups!$B$1:$C$4, 2, FALSE) -> Slight | K77: 1 | L77: 1 | M77: 45730 | N77: 6 | O77: =VLOOKUP(N77, Lookups!$B$6:$C$12, 2, FALSE) -> Friday | P77: 0.54791667 | Q77: -1 | R77: E07000239 | S77: E10000034 | T77: E10000034 | U77: 6 | V77: =VLOOKUP(U77, Lookups!$B$51:$C$57, 2, FALSE) -> Unclassified | W77: 0 | X77: Unclassified | Y77: 6 | Z77: =VLOOKUP(Y77, Lookups!$B$14:$C$21, 2, FALSE) -> Single carriageway | AA77: 30 | AB77: -1 | AC77: 0 | AD77: -1 | AE77: 6 | AF77: 0 | AG77: -1 | AH77: -1 | AI77: 0 | AJ77: 1 | AK77: =VLOOKUP(AJ77, Lookups!$B$23:$C$28, 2, FALSE) -> Daylight | AL77: 1 | AM77: =VLOOKUP(AL77, Lookups!$B$30:$C$39, 2, FALSE) -> Fine / Clear | AN77: 1 | AO77: =VLOOKUP(AN77, Lookups!$B$41:$C$49, 2, FALSE) -> Dry | AP77: -1 | AQ77: -1 | AR77: 0 | AS77: 1 | AT77: 3 | AU77: 2 | AV77: E01032462 | AW77: 3 | AX77: 1 | AY77: 0 | AZ77: 1
A78: 2025221638580 | B78: 2025 | C78: 221638580 | D78: 383244 | E78: 254049 | F78: -2.2465 | G78: 52.18443 | H78: 22 | I78: 3 | J78: =VLOOKUP(I78, Lookups!$B$1:$C$4, 2, FALSE) -> Slight | K78: 2 | L78: 1 | M78: 45907 | N78: 1 | O78: =VLOOKUP(N78, Lookups!$B$6:$C$12, 2, FALSE) -> Sunday | P78: 0.95833333 | Q78: -1 | R78: E07000237 | S78: E10000034 | T78: E10000034 | U78: 4 | V78: =VLOOKUP(U78, Lookups!$B$51:$C$57, 2, FALSE) -> B | W78: 4485 | X78: =V78&W78 -> B4485 | Y78: 6 | Z78: =VLOOKUP(Y78, Lookups!$B$14:$C$21, 2, FALSE) -> Single carriageway | AA78: 30 | AB78: -1 | AC78: 0 | AD78: -1 | AE78: 6 | AF78: 0 | AG78: -1 | AH78: -1 | AI78: 0 | AJ78: 4 | AK78: =VLOOKUP(AJ78, Lookups!$B$23:$C$28, 2, FALSE) -> Darkness (Lit) | AL78: 1 | AM78: =VLOOKUP(AL78, Lookups!$B$30:$C$39, 2, FALSE) -> Fine / Clear | AN78: 1 | AO78: =VLOOKUP(AN78, Lookups!$B$41:$C$49, 2, FALSE) -> Dry | AP78: -1 | AQ78: -1 | AR78: 0 | AS78: 2 | AT78: 1 | AU78: 2 | AV78: E01032286 | AW78: 3 | AX78: 1 | AY78: 0 | AZ78: 1
A79: 2025221663492 | B79: 2025 | C79: 221663492 | D79: 394748 | E79: 270635 | F79: -2.0785 | G79: 52.33378 | H79: 22 | I79: 3 | J79: =VLOOKUP(I79, Lookups!$B$1:$C$4, 2, FALSE) -> Slight | K79: 2 | L79: 1 | M79: 45965 | N79: 3 | O79: =VLOOKUP(N79, Lookups!$B$6:$C$12, 2, FALSE) -> Tuesday | P79: 0.375 | Q79: -1 | R79: E07000234 | S79: E10000034 | T79: E10000034 | U79: 6 | V79: =VLOOKUP(U79, Lookups!$B$51:$C$57, 2, FALSE) -> Unclassified | W79: 0 | X79: Unclassified | Y79: 6 | Z79: =VLOOKUP(Y79, Lookups!$B$14:$C$21, 2, FALSE) -> Single carriageway | AA79: 30 | AB79: -1 | AC79: 13 | AD79: 4 | AE79: 6 | AF79: 0 | AG79: -1 | AH79: -1 | AI79: 0 | AJ79: 1 | AK79: =VLOOKUP(AJ79, Lookups!$B$23:$C$28, 2, FALSE) -> Daylight | AL79: 1 | AM79: =VLOOKUP(AL79, Lookups!$B$30:$C$39, 2, FALSE) -> Fine / Clear | AN79: 2 | AO79: =VLOOKUP(AN79, Lookups!$B$41:$C$49, 2, FALSE) -> Wet / damp | AP79: -1 | AQ79: -1 | AR79: -1 | AS79: 2 | AT79: 3 | AU79: 2 | AV79: E01032173 | AW79: 3 | AX79: 1 | AY79: 0 | AZ79: 1
A80: 2025221567248 | B80: 2025 | C80: 221567248 | D80: 381272 | E80: 271535 | F80: -2.27631 | G80: 52.34157 | H80: 22 | I80: 3 | J80: =VLOOKUP(I80, Lookups!$B$1:$C$4, 2, FALSE) -> Slight | K80: 2 | L80: 1 | M80: 45715 | N80: 5 | O80: =VLOOKUP(N80, Lookups!$B$6:$C$12, 2, FALSE) -> Thursday | P80: 0.93055556 | Q80: -1 | R80: E07000239 | S80: E10000034 | T80: E10000034 | U80: 3 | V80: =VLOOKUP(U80, Lookups!$B$51:$C$57, 2, FALSE) -> A | W80: 451 | X80: =V80&W80 -> A451 | Y80: 6 | Z80: =VLOOKUP(Y80, Lookups!$B$14:$C$21, 2, FALSE) -> Single carriageway | AA80: 30 | AB80: -1 | AC80: 0 | AD80: -1 | AE80: 6 | AF80: 0 | AG80: -1 | AH80: -1 | AI80: 0 | AJ80: 4 | AK80: =VLOOKUP(AJ80, Lookups!$B$23:$C$28, 2, FALSE) -> Darkness (Lit) | AL80: 1 | AM80: =VLOOKUP(AL80, Lookups!$B$30:$C$39, 2, FALSE) -> Fine / Clear | AN80: 1 | AO80: =VLOOKUP(AN80, Lookups!$B$41:$C$49, 2, FALSE) -> Dry | AP80: -1 | AQ80: -1 | AR80: 0 | AS80: 1 | AT80: 1 | AU80: 2 | AV80: E01032460 | AW80: 3 | AX80: 1 | AY80: 0 | AZ80: 1
A81: 2025221583719 | B81: 2025 | C81: 221583719 | D81: 406513 | E81: 268693 | F81: -1.90588 | G81: 52.31631 | H81: 22 | I81: 3 | J81: =VLOOKUP(I81, Lookups!$B$1:$C$4, 2, FALSE) -> Slight | K81: 2 | L81: 1 | M81: 45771 | N81: 5 | O81: =VLOOKUP(N81, Lookups!$B$6:$C$12, 2, FALSE) -> Thursday | P81: 0.71388889 | Q81: -1 | R81: E07000236 | S81: E10000034 | T81: E10000034 | U81: 6 | V81: =VLOOKUP(U81, Lookups!$B$51:$C$57, 2, FALSE) -> Unclassified | W81: 0 | X81: Unclassified | Y81: 6 | Z81: =VLOOKUP(Y81, Lookups!$B$14:$C$21, 2, FALSE) -> Single carriageway | AA81: 30 | AB81: -1 | AC81: 16 | AD81: 4 | AE81: 6 | AF81: 0 | AG81: -1 | AH81: -1 | AI81: 13 | AJ81: 1 | AK81: =VLOOKUP(AJ81, Lookups!$B$23:$C$28, 2, FALSE) -> Daylight | AL81: 1 | AM81: =VLOOKUP(AL81, Lookups!$B$30:$C$39, 2, FALSE) -> Fine / Clear | AN81: 1 | AO81: =VLOOKUP(AN81, Lookups!$B$41:$C$49, 2, FALSE) -> Dry | AP81: -1 | AQ81: -1 | AR81: 0 | AS81: 1 | AT81: 1 | AU81: 2 | AV81: E01032244 | AW81: 3 | AX81: 1 | AY81: 0 | AZ81: 1
A82: 2025221665831 | B82: 2025 | C82: 221665831 | D82: 403372 | E82: 266298 | F82: -1.95198 | G82: 52.2948 | H82: 22 | I82: 2 | J82: =VLOOKUP(I82, Lookups!$B$1:$C$4, 2, FALSE) -> Serious | K82: 2 | L82: 1 | M82: 45969 | N82: 7 | O82: =VLOOKUP(N82, Lookups!$B$6:$C$12, 2, FALSE) -> Saturday | P82: 0.725 | Q82: -1 | R82: E07000236 | S82: E10000034 | T82: E10000034 | U82: 6 | V82: =VLOOKUP(U82, Lookups!$B$51:$C$57, 2, FALSE) -> Unclassified | W82: 0 | X82: Unclassified | Y82: 6 | Z82: =VLOOKUP(Y82, Lookups!$B$14:$C$21, 2, FALSE) -> Single carriageway | AA82: 30 | AB82: -1 | AC82: 13 | AD82: 4 | AE82: 6 | AF82: 0 | AG82: -1 | AH82: -1 | AI82: 0 | AJ82: 4 | AK82: =VLOOKUP(AJ82, Lookups!$B$23:$C$28, 2, FALSE) -> Darkness (Lit) | AL82: 1 | AM82: =VLOOKUP(AL82, Lookups!$B$30:$C$39, 2, FALSE) -> Fine / Clear | AN82: 1 | AO82: =VLOOKUP(AN82, Lookups!$B$41:$C$49, 2, FALSE) -> Dry | AP82: -1 | AQ82: -1 | AR82: 0 | AS82: 1 | AT82: 1 | AU82: 2 | AV82: E01032259 | AW82: 7 | AX82: 1 | AY82: 1 | AZ82: 0
A83: 2025221679577 | B83: 2025 | C83: 221679577 | D83: 395220 | E83: 277460 | F83: -2.07167 | G83: 52.39514 | H83: 22 | I83: 1 | J83: =VLOOKUP(I83, Lookups!$B$1:$C$4, 2, FALSE) -> Fatal | K83: 2 | L83: 3 | M83: 45998 | N83: 1 | O83: =VLOOKUP(N83, Lookups!$B$6:$C$12, 2, FALSE) -> Sunday | P83: 0.70069444 | Q83: -1 | R83: E07000234 | S83: E10000034 | T83: E10000034 | U83: 6 | V83: =VLOOKUP(U83, Lookups!$B$51:$C$57, 2, FALSE) -> Unclassified | W83: 0 | X83: Unclassified | Y83: 6 | Z83: =VLOOKUP(Y83, Lookups!$B$14:$C$21, 2, FALSE) -> Single carriageway | AA83: 40 | AB83: -1 | AC83: 16 | AD83: 3 | AE83: 6 | AF83: 0 | AG83: -1 | AH83: -1 | AI83: 0 | AJ83: 6 | AK83: =VLOOKUP(AJ83, Lookups!$B$23:$C$28, 2, FALSE) -> Darkness (Unlit) | AL83: 2 | AM83: =VLOOKUP(AL83, Lookups!$B$30:$C$39, 2, FALSE) -> Rain | AN83: 2 | AO83: =VLOOKUP(AN83, Lookups!$B$41:$C$49, 2, FALSE) -> Wet / damp | AP83: -1 | AQ83: -1 | AR83: 0 | AS83: 2 | AT83: 1 | AU83: 2 | AV83: E01032136 | AW83: 1 | AX83: 1 | AY83: 0 | AZ83: 0
A84: 2025221541148 | B84: 2025 | C84: 221541148 | D84: 383552 | E84: 252181 | F84: -2.2419 | G84: 52.16765 | H84: 22 | I84: 3 | J84: =VLOOKUP(I84, Lookups!$B$1:$C$4, 2, FALSE) -> Slight | K84: 2 | L84: 1 | M84: 45670 | N84: 2 | O84: =VLOOKUP(N84, Lookups!$B$6:$C$12, 2, FALSE) -> Monday | P84: 0.72847222 | Q84: -1 | R84: E07000235 | S84: E10000034 | T84: E10000034 | U84: 3 | V84: =VLOOKUP(U84, Lookups!$B$51:$C$57, 2, FALSE) -> A | W84: 449 | X84: =V84&W84 -> A449 | Y84: 1 | Z84: =VLOOKUP(Y84, Lookups!$B$14:$C$21, 2, FALSE) -> Roundabout | AA84: 40 | AB84: -1 | AC84: -1 | AD84: 4 | AE84: 3 | AF84: 4440 | AG84: -1 | AH84: -1 | AI84: 0 | AJ84: 4 | AK84: =VLOOKUP(AJ84, Lookups!$B$23:$C$28, 2, FALSE) -> Darkness (Lit) | AL84: 1 | AM84: =VLOOKUP(AL84, Lookups!$B$30:$C$39, 2, FALSE) -> Fine / Clear | AN84: 1 | AO84: =VLOOKUP(AN84, Lookups!$B$41:$C$49, 2, FALSE) -> Dry | AP84: -1 | AQ84: -1 | AR84: 0 | AS84: 2 | AT84: 1 | AU84: 2 | AV84: E01032206 | AW84: 3 | AX84: 1 | AY84: 0 | AZ84: 1
A85: 2025221606829 | B85: 2025 | C85: 221606829 | D85: 385108 | E85: 254346 | F85: -2.21925 | G85: 52.18715 | H85: 22 | I85: 3 | J85: =VLOOKUP(I85, Lookups!$B$1:$C$4, 2, FALSE) -> Slight | K85: 1 | L85: 1 | M85: 45805 | N85: 4 | O85: =VLOOKUP(N85, Lookups!$B$6:$C$12, 2, FALSE) -> Wednesday | P85: 0.42569444 | Q85: -1 | R85: E07000237 | S85: E10000034 | T85: E10000034 | U85: 6 | V85: =VLOOKUP(U85, Lookups!$B$51:$C$57, 2, FALSE) -> Unclassified | W85: 0 | X85: Unclassified | Y85: 3 | Z85: =VLOOKUP(Y85, Lookups!$B$14:$C$21, 2, FALSE) -> Dual carriageway | AA85: 30 | AB85: -1 | AC85: 0 | AD85: -1 | AE85: 6 | AF85: 0 | AG85: -1 | AH85: -1 | AI85: 0 | AJ85: 1 | AK85: =VLOOKUP(AJ85, Lookups!$B$23:$C$28, 2, FALSE) -> Daylight | AL85: 1 | AM85: =VLOOKUP(AL85, Lookups!$B$30:$C$39, 2, FALSE) -> Fine / Clear | AN85: 1 | AO85: =VLOOKUP(AN85, Lookups!$B$41:$C$49, 2, FALSE) -> Dry | AP85: -1 | AQ85: -1 | AR85: 0 | AS85: 1 | AT85: 1 | AU85: 2 | AV85: E01033249 | AW85: 3 | AX85: 1 | AY85: 0 | AZ85: 1
A86: 2025221601753 | B86: 2025 | C86: 221601753 | D86: 371434 | E86: 271843 | F86: -2.42074 | G86: 52.34391 | H86: 22 | I86: 3 | J86: =VLOOKUP(I86, Lookups!$B$1:$C$4, 2, FALSE) -> Slight | K86: 2 | L86: 2 | M86: 45819 | N86: 4 | O86: =VLOOKUP(N86, Lookups!$B$6:$C$12, 2, FALSE) -> Wednesday | P86: 0.44444444 | Q86: -1 | R86: E07000235 | S86: E10000034 | T86: E10000034 | U86: 3 | V86: =VLOOKUP(U86, Lookups!$B$51:$C$57, 2, FALSE) -> A | W86: 456 | X86: =V86&W86 -> A456 | Y86: 6 | Z86: =VLOOKUP(Y86, Lookups!$B$14:$C$21, 2, FALSE) -> Single carriageway | AA86: 30 | AB86: -1 | AC86: 16 | AD86: 4 | AE86: 4 | AF86: 4202 | AG86: -1 | AH86: -1 | AI86: 0 | AJ86: 1 | AK86: =VLOOKUP(AJ86, Lookups!$B$23:$C$28, 2, FALSE) -> Daylight | AL86: 1 | AM86: =VLOOKUP(AL86, Lookups!$B$30:$C$39, 2, FALSE) -> Fine / Clear | AN86: 1 | AO86: =VLOOKUP(AN86, Lookups!$B$41:$C$49, 2, FALSE) -> Dry | AP86: -1 | AQ86: -1 | AR86: 0 | AS86: 2 | AT86: 1 | AU86: 2 | AV86: E01032193 | AW86: 3 | AX86: 1 | AY86: 0 | AZ86: 1
A87: 2025221567749 | B87: 2025 | C87: 221567749 | D87: 384563 | E87: 266776 | F87: -2.22779 | G87: 52.29889 | H87: 22 | I87: 3 | J87: =VLOOKUP(I87, Lookups!$B$1:$C$4, 2, FALSE) -> Slight | K87: 1 | L87: 1 | M87: 45736 | N87: 5 | O87: =VLOOKUP(N87, Lookups!$B$6:$C$12, 2, FALSE) -> Thursday | P87: 0.7875 | Q87: -1 | R87: E07000238 | S87: E10000034 | T87: E10000034 | U87: 3 | V87: =VLOOKUP(U87, Lookups!$B$51:$C$57, 2, FALSE) -> A | W87: 449 | X87: =V87&W87 -> A449 | Y87: 3 | Z87: =VLOOKUP(Y87, Lookups!$B$14:$C$21, 2, FALSE) -> Dual carriageway | AA87: 50 | AB87: -1 | AC87: 0 | AD87: -1 | AE87: 6 | AF87: 0 | AG87: -1 | AH87: -1 | AI87: 0 | AJ87: 6 | AK87: =VLOOKUP(AJ87, Lookups!$B$23:$C$28, 2, FALSE) -> Darkness (Unlit) | AL87: 1 | AM87: =VLOOKUP(AL87, Lookups!$B$30:$C$39, 2, FALSE) -> Fine / Clear | AN87: 1 | AO87: =VLOOKUP(AN87, Lookups!$B$41:$C$49, 2, FALSE) -> Dry | AP87: -1 | AQ87: -1 | AR87: 20 | AS87: 2 | AT87: 1 | AU87: 2 | AV87: E01032404 | AW87: 3 | AX87: 1 | AY87: 0 | AZ87: 1
A88: 2025221628248 | B88: 2025 | C88: 221628248 | D88: 405950 | E88: 264850 | F88: -1.9142 | G88: 52.28176 | H88: 22 | I88: 3 | J88: =VLOOKUP(I88, Lookups!$B$1:$C$4, 2, FALSE) -> Slight | K88: 2 | L88: 1 | M88: 45876 | N88: 5 | O88: =VLOOKUP(N88, Lookups!$B$6:$C$12, 2, FALSE) -> Thursday | P88: 0.36527778 | Q88: -1 | R88: E07000236 | S88: E10000034 | T88: E10000034 | U88: 6 | V88: =VLOOKUP(U88, Lookups!$B$51:$C$57, 2, FALSE) -> Unclassified | W88: 0 | X88: Unclassified | Y88: 1 | Z88: =VLOOKUP(Y88, Lookups!$B$14:$C$21, 2, FALSE) -> Roundabout | AA88: 30 | AB88: -1 | AC88: -1 | AD88: 4 | AE88: 6 | AF88: 0 | AG88: -1 | AH88: -1 | AI88: 0 | AJ88: 1 | AK88: =VLOOKUP(AJ88, Lookups!$B$23:$C$28, 2, FALSE) -> Daylight | AL88: 1 | AM88: =VLOOKUP(AL88, Lookups!$B$30:$C$39, 2, FALSE) -> Fine / Clear | AN88: 1 | AO88: =VLOOKUP(AN88, Lookups!$B$41:$C$49, 2, FALSE) -> Dry | AP88: -1 | AQ88: -1 | AR88: 0 | AS88: 2 | AT88: 1 | AU88: 2 | AV88: E01032253 | AW88: 3 | AX88: 1 | AY88: 0 | AZ88: 1
A89: 2025221664444 | B89: 2025 | C89: 221664444 | D89: 393368 | E89: 268639 | F89: -2.09871 | G89: 52.31582 | H89: 22 | I89: 2 | J89: =VLOOKUP(I89, Lookups!$B$1:$C$4, 2, FALSE) -> Serious | K89: 1 | L89: 1 | M89: 45967 | N89: 5 | O89: =VLOOKUP(N89, Lookups!$B$6:$C$12, 2, FALSE) -> Thursday | P89: 0.49027778 | Q89: -1 | R89: E07000234 | S89: E10000034 | T89: E10000034 | U89: 1 | V89: =VLOOKUP(U89, Lookups!$B$51:$C$57, 2, FALSE) -> M | W89: 5 | X89: =V89&W89 -> M5 | Y89: 3 | Z89: =VLOOKUP(Y89, Lookups!$B$14:$C$21, 2, FALSE) -> Dual carriageway | AA89: 70 | AB89: -1 | AC89: 0 | AD89: -1 | AE89: 0 | AF89: -1 | AG89: -1 | AH89: -1 | AI89: 0 | AJ89: 1 | AK89: =VLOOKUP(AJ89, Lookups!$B$23:$C$28, 2, FALSE) -> Daylight | AL89: 1 | AM89: =VLOOKUP(AL89, Lookups!$B$30:$C$39, 2, FALSE) -> Fine / Clear | AN89: 1 | AO89: =VLOOKUP(AN89, Lookups!$B$41:$C$49, 2, FALSE) -> Dry | AP89: -1 | AQ89: -1 | AR89: 0 | AS89: 2 | AT89: 1 | AU89: 1 | AV89: E01032176 | AW89: 7 | AX89: 1 | AY89: 1 | AZ89: 0
A90: 2025221572355 | B90: 2025 | C90: 221572355 | D90: 398994 | E90: 277338 | F90: -2.01621 | G90: 52.39406 | H90: 22 | I90: 2 | J90: =VLOOKUP(I90, Lookups!$B$1:$C$4, 2, FALSE) -> Serious | K90: 1 | L90: 1 | M90: 45747 | N90: 2 | O90: =VLOOKUP(N90, Lookups!$B$6:$C$12, 2, FALSE) -> Monday | P90: 0.40763889 | Q90: -1 | R90: E07000234 | S90: E10000034 | T90: E10000034 | U90: 6 | V90: =VLOOKUP(U90, Lookups!$B$51:$C$57, 2, FALSE) -> Unclassified | W90: 0 | X90: Unclassified | Y90: 6 | Z90: =VLOOKUP(Y90, Lookups!$B$14:$C$21, 2, FALSE) -> Single carriageway | AA90: 30 | AB90: -1 | AC90: 19 | AD90: 4 | AE90: 6 | AF90: 0 | AG90: -1 | AH90: -1 | AI90: 14 | AJ90: 1 | AK90: =VLOOKUP(AJ90, Lookups!$B$23:$C$28, 2, FALSE) -> Daylight | AL90: 1 | AM90: =VLOOKUP(AL90, Lookups!$B$30:$C$39, 2, FALSE) -> Fine / Clear | AN90: 1 | AO90: =VLOOKUP(AN90, Lookups!$B$41:$C$49, 2, FALSE) -> Dry | AP90: -1 | AQ90: -1 | AR90: 0 | AS90: 1 | AT90: 1 | AU90: 2 | AV90: E01032172 | AW90: 7 | AX90: 1 | AY90: 1 | AZ90: 0
A91: 2025221588492 | B91: 2025 | C91: 221588492 | D91: 390421 | E91: 239783 | F91: -2.14112 | G91: 52.05635 | H91: 22 | I91: 2 | J91: =VLOOKUP(I91, Lookups!$B$1:$C$4, 2, FALSE) -> Serious | K91: 3 | L91: 1 | M91: 45788 | N91: 1 | O91: =VLOOKUP(N91, Lookups!$B$6:$C$12, 2, FALSE) -> Sunday | P91: 0.51111111 | Q91: -1 | R91: E07000238 | S91: E10000034 | T91: E10000034 | U91: 1 | V91: =VLOOKUP(U91, Lookups!$B$51:$C$57, 2, FALSE) -> M | W91: 5 | X91: =V91&W91 -> M5 | Y91: 3 | Z91: =VLOOKUP(Y91, Lookups!$B$14:$C$21, 2, FALSE) -> Dual carriageway | AA91: 70 | AB91: -1 | AC91: 0 | AD91: -1 | AE91: 1 | AF91: 50 | AG91: -1 | AH91: -1 | AI91: 0 | AJ91: 1 | AK91: =VLOOKUP(AJ91, Lookups!$B$23:$C$28, 2, FALSE) -> Daylight | AL91: 1 | AM91: =VLOOKUP(AL91, Lookups!$B$30:$C$39, 2, FALSE) -> Fine / Clear | AN91: 1 | AO91: =VLOOKUP(AN91, Lookups!$B$41:$C$49, 2, FALSE) -> Dry | AP91: -1 | AQ91: -1 | AR91: 20 | AS91: 2 | AT91: 1 | AU91: 1 | AV91: E01032372 | AW91: 5 | AX91: 1 | AY91: 1 | AZ91: 0
A92: 2025221570675 | B92: 2025 | C92: 221570675 | D92: 403672 | E92: 243766 | F92: -1.94782 | G92: 52.09223 | H92: 22 | I92: 3 | J92: =VLOOKUP(I92, Lookups!$B$1:$C$4, 2, FALSE) -> Slight | K92: 1 | L92: 1 | M92: 45744 | N92: 6 | O92: =VLOOKUP(N92, Lookups!$B$6:$C$12, 2, FALSE) -> Friday | P92: 0.54236111 | Q92: -1 | R92: E07000238 | S92: E10000034 | T92: E10000034 | U92: 6 | V92: =VLOOKUP(U92, Lookups!$B$51:$C$57, 2, FALSE) -> Unclassified | W92: 0 | X92: Unclassified | Y92: 6 | Z92: =VLOOKUP(Y92, Lookups!$B$14:$C$21, 2, FALSE) -> Single carriageway | AA92: 30 | AB92: -1 | AC92: 13 | AD92: 4 | AE92: 3 | AF92: 4184 | AG92: -1 | AH92: -1 | AI92: 0 | AJ92: 1 | AK92: =VLOOKUP(AJ92, Lookups!$B$23:$C$28, 2, FALSE) -> Daylight | AL92: 1 | AM92: =VLOOKUP(AL92, Lookups!$B$30:$C$39, 2, FALSE) -> Fine / Clear | AN92: 1 | AO92: =VLOOKUP(AN92, Lookups!$B$41:$C$49, 2, FALSE) -> Dry | AP92: -1 | AQ92: -1 | AR92: 0 | AS92: 1 | AT92: 1 | AU92: 2 | AV92: E01034329 | AW92: 3 | AX92: 1 | AY92: 0 | AZ92: 1
A93: 2025221592793 | B93: 2025 | C93: 221592793 | D93: 394434 | E93: 268456 | F93: -2.08307 | G93: 52.31418 | H93: 22 | I93: 3 | J93: =VLOOKUP(I93, Lookups!$B$1:$C$4, 2, FALSE) -> Slight | K93: 2 | L93: 1 | M93: 45797 | N93: 3 | O93: =VLOOKUP(N93, Lookups!$B$6:$C$12, 2, FALSE) -> Tuesday | P93: 0.52777778 | Q93: -1 | R93: E07000234 | S93: E10000034 | T93: E10000034 | U93: 3 | V93: =VLOOKUP(U93, Lookups!$B$51:$C$57, 2, FALSE) -> A | W93: 38 | X93: =V93&W93 -> A38 | Y93: 1 | Z93: =VLOOKUP(Y93, Lookups!$B$14:$C$21, 2, FALSE) -> Roundabout | AA93: 40 | AB93: -1 | AC93: -1 | AD93: 4 | AE93: 3 | AF93: 38 | AG93: -1 | AH93: -1 | AI93: 0 | AJ93: 1 | AK93: =VLOOKUP(AJ93, Lookups!$B$23:$C$28, 2, FALSE) -> Daylight | AL93: 1 | AM93: =VLOOKUP(AL93, Lookups!$B$30:$C$39, 2, FALSE) -> Fine / Clear | AN93: 1 | AO93: =VLOOKUP(AN93, Lookups!$B$41:$C$49, 2, FALSE) -> Dry | AP93: -1 | AQ93: -1 | AR93: 0 | AS93: 1 | AT93: 3 | AU93: 2 | AV93: E01034318 | AW93: 3 | AX93: 1 | AY93: 0 | AZ93: 1
A94: 2025221622713 | B94: 2025 | C94: 221622713 | D94: 407767 | E94: 278519 | F94: -1.88726 | G94: 52.40463 | H94: 22 | I94: 3 | J94: =VLOOKUP(I94, Lookups!$B$1:$C$4, 2, FALSE) -> Slight | K94: 2 | L94: 1 | M94: 45843 | N94: 7 | O94: =VLOOKUP(N94, Lookups!$B$6:$C$12, 2, FALSE) -> Saturday | P94: 0.4375 | Q94: -1 | R94: E07000234 | S94: E10000034 | T94: E10000034 | U94: 6 | V94: =VLOOKUP(U94, Lookups!$B$51:$C$57, 2, FALSE) -> Unclassified | W94: 0 | X94: Unclassified | Y94: 1 | Z94: =VLOOKUP(Y94, Lookups!$B$14:$C$21, 2, FALSE) -> Roundabout | AA94: 30 | AB94: -1 | AC94: -1 | AD94: 4 | AE94: 3 | AF94: 435 | AG94: -1 | AH94: -1 | AI94: 0 | AJ94: 1 | AK94: =VLOOKUP(AJ94, Lookups!$B$23:$C$28, 2, FALSE) -> Daylight | AL94: 1 | AM94: =VLOOKUP(AL94, Lookups!$B$30:$C$39, 2, FALSE) -> Fine / Clear | AN94: 1 | AO94: =VLOOKUP(AN94, Lookups!$B$41:$C$49, 2, FALSE) -> Dry | AP94: -1 | AQ94: -1 | AR94: 0 | AS94: 1 | AT94: 2 | AU94: 2 | AV94: E01032134 | AW94: 3 | AX94: 1 | AY94: 0 | AZ94: 1
A95: 2025221626135 | B95: 2025 | C95: 221626135 | D95: 379568 | E95: 254828 | F95: -2.30031 | G95: 52.19131 | H95: 22 | I95: 1 | J95: =VLOOKUP(I95, Lookups!$B$1:$C$4, 2, FALSE) -> Fatal | K95: 3 | L95: 2 | M95: 45876 | N95: 5 | O95: =VLOOKUP(N95, Lookups!$B$6:$C$12, 2, FALSE) -> Thursday | P95: 0.77986111 | Q95: -1 | R95: E07000235 | S95: E10000034 | T95: E10000034 | U95: 3 | V95: =VLOOKUP(U95, Lookups!$B$51:$C$57, 2, FALSE) -> A | W95: 44 | X95: =V95&W95 -> A44 | Y95: 6 | Z95: =VLOOKUP(Y95, Lookups!$B$14:$C$21, 2, FALSE) -> Single carriageway | AA95: 60 | AB95: -1 | AC95: 0 | AD95: -1 | AE95: 0 | AF95: -1 | AG95: -1 | AH95: -1 | AI95: 0 | AJ95: 1 | AK95: =VLOOKUP(AJ95, Lookups!$B$23:$C$28, 2, FALSE) -> Daylight | AL95: 1 | AM95: =VLOOKUP(AL95, Lookups!$B$30:$C$39, 2, FALSE) -> Fine / Clear | AN95: 1 | AO95: =VLOOKUP(AN95, Lookups!$B$41:$C$49, 2, FALSE) -> Dry | AP95: -1 | AQ95: -1 | AR95: 0 | AS95: 2 | AT95: 1 | AU95: 2 | AV95: E01032182 | AW95: 1 | AX95: 1 | AY95: 0 | AZ95: 0
A96: 2025221640790 | B96: 2025 | C96: 221640790 | D96: 386954 | E96: 258244 | F96: -2.1924 | G96: 52.22225 | H96: 22 | I96: 3 | J96: =VLOOKUP(I96, Lookups!$B$1:$C$4, 2, FALSE) -> Slight | K96: 2 | L96: 1 | M96: 45912 | N96: 6 | O96: =VLOOKUP(N96, Lookups!$B$6:$C$12, 2, FALSE) -> Friday | P96: 0.23263889 | Q96: -1 | R96: E07000237 | S96: E10000034 | T96: E10000034 | U96: 3 | V96: =VLOOKUP(U96, Lookups!$B$51:$C$57, 2, FALSE) -> A | W96: 449 | X96: =V96&W96 -> A449 | Y96: 3 | Z96: =VLOOKUP(Y96, Lookups!$B$14:$C$21, 2, FALSE) -> Dual carriageway | AA96: 70 | AB96: -1 | AC96: 0 | AD96: -1 | AE96: 0 | AF96: -1 | AG96: -1 | AH96: -1 | AI96: 0 | AJ96: 6 | AK96: =VLOOKUP(AJ96, Lookups!$B$23:$C$28, 2, FALSE) -> Darkness (Unlit) | AL96: 1 | AM96: =VLOOKUP(AL96, Lookups!$B$30:$C$39, 2, FALSE) -> Fine / Clear | AN96: 2 | AO96: =VLOOKUP(AN96, Lookups!$B$41:$C$49, 2, FALSE) -> Wet / damp | AP96: -1 | AQ96: -1 | AR96: 18 | AS96: 1 | AT96: 1 | AU96: 2 | AV96: E01032330 | AW96: 3 | AX96: 1 | AY96: 0 | AZ96: 1
A97: 2025221539316 | B97: 2025 | C97: 221539316 | D97: 401912 | E97: 271204 | F97: -1.97336 | G97: 52.33891 | H97: 22 | I97: 2 | J97: =VLOOKUP(I97, Lookups!$B$1:$C$4, 2, FALSE) -> Serious | K97: 1 | L97: 1 | M97: 45664 | N97: 3 | O97: =VLOOKUP(N97, Lookups!$B$6:$C$12, 2, FALSE) -> Tuesday | P97: 0.73958333 | Q97: -1 | R97: E07000234 | S97: E10000034 | T97: E10000034 | U97: 6 | V97: =VLOOKUP(U97, Lookups!$B$51:$C$57, 2, FALSE) -> Unclassified | W97: 0 | X97: Unclassified | Y97: 6 | Z97: =VLOOKUP(Y97, Lookups!$B$14:$C$21, 2, FALSE) -> Single carriageway | AA97: 30 | AB97: -1 | AC97: 0 | AD97: -1 | AE97: 0 | AF97: -1 | AG97: -1 | AH97: -1 | AI97: 0 | AJ97: 6 | AK97: =VLOOKUP(AJ97, Lookups!$B$23:$C$28, 2, FALSE) -> Darkness (Unlit) | AL97: 1 | AM97: =VLOOKUP(AL97, Lookups!$B$30:$C$39, 2, FALSE) -> Fine / Clear | AN97: 4 | AO97: =VLOOKUP(AN97, Lookups!$B$41:$C$49, 2, FALSE) -> Frost or ice | AP97: -1 | AQ97: -1 | AR97: 0 | AS97: 2 | AT97: 1 | AU97: 2 | AV97: E01033243 | AW97: 7 | AX97: 1 | AY97: 1 | AZ97: 0
A98: 2025221572057 | B98: 2025 | C98: 221572057 | D98: 382433 | E98: 275554 | F98: -2.25949 | G98: 52.37774 | H98: 22 | I98: 3 | J98: =VLOOKUP(I98, Lookups!$B$1:$C$4, 2, FALSE) -> Slight | K98: 1 | L98: 1 | M98: 45743 | N98: 5 | O98: =VLOOKUP(N98, Lookups!$B$6:$C$12, 2, FALSE) -> Thursday | P98: 0.50625 | Q98: -1 | R98: E07000239 | S98: E10000034 | T98: E10000034 | U98: 3 | V98: =VLOOKUP(U98, Lookups!$B$51:$C$57, 2, FALSE) -> A | W98: 4535 | X98: =V98&W98 -> A4535 | Y98: 6 | Z98: =VLOOKUP(Y98, Lookups!$B$14:$C$21, 2, FALSE) -> Single carriageway | AA98: 30 | AB98: -1 | AC98: 13 | AD98: 2 | AE98: 3 | AF98: 451 | AG98: -1 | AH98: -1 | AI98: 17 | AJ98: 1 | AK98: =VLOOKUP(AJ98, Lookups!$B$23:$C$28, 2, FALSE) -> Daylight | AL98: 1 | AM98: =VLOOKUP(AL98, Lookups!$B$30:$C$39, 2, FALSE) -> Fine / Clear | AN98: 1 | AO98: =VLOOKUP(AN98, Lookups!$B$41:$C$49, 2, FALSE) -> Dry | AP98: -1 | AQ98: -1 | AR98: 0 | AS98: 1 | AT98: 1 | AU98: 2 | AV98: E01032478 | AW98: 3 | AX98: 1 | AY98: 0 | AZ98: 1
A99: 2025221542117 | B99: 2025 | C99: 221542117 | D99: 391809 | E99: 265412 | F99: -2.1215 | G99: 52.28678 | H99: 22 | I99: 2 | J99: =VLOOKUP(I99, Lookups!$B$1:$C$4, 2, FALSE) -> Serious | K99: 2 | L99: 1 | M99: 45671 | N99: 3 | O99: =VLOOKUP(N99, Lookups!$B$6:$C$12, 2, FALSE) -> Tuesday | P99: 0.67222222 | Q99: -1 | R99: E07000238 | S99: E10000034 | T99: E10000034 | U99: 3 | V99: =VLOOKUP(U99, Lookups!$B$51:$C$57, 2, FALSE) -> A | W99: 38 | X99: =V99&W99 -> A38 | Y99: 6 | Z99: =VLOOKUP(Y99, Lookups!$B$14:$C$21, 2, FALSE) -> Single carriageway | AA99: 40 | AB99: -1 | AC99: -1 | AD99: 4 | AE99: 3 | AF99: 38 | AG99: -1 | AH99: -1 | AI99: 0 | AJ99: 1 | AK99: =VLOOKUP(AJ99, Lookups!$B$23:$C$28, 2, FALSE) -> Daylight | AL99: 1 | AM99: =VLOOKUP(AL99, Lookups!$B$30:$C$39, 2, FALSE) -> Fine / Clear | AN99: 1 | AO99: =VLOOKUP(AN99, Lookups!$B$41:$C$49, 2, FALSE) -> Dry | AP99: -1 | AQ99: -1 | AR99: 0 | AS99: 2 | AT99: 1 | AU99: 1 | AV99: E01034325 | AW99: 7 | AX99: 1 | AY99: 1 | AZ99: 0
A100: 2025221641109 | B100: 2025 | C100: 221641109 | D100: 388499 | E100: 249629 | F100: -2.16948 | G100: 52.14483 | H100: 22 | I100: 3 | J100: =VLOOKUP(I100, Lookups!$B$1:$C$4, 2, FALSE) -> Slight | K100: 1 | L100: 3 | M100: 45913 | N100: 7 | O100: =VLOOKUP(N100, Lookups!$B$6:$C$12, 2, FALSE) -> Saturday | P100: 0.34791667 | Q100: -1 | R100: E07000238 | S100: E10000034 | T100: E10000034 | U100: 6 | V100: =VLOOKUP(U100, Lookups!$B$51:$C$57, 2, FALSE) -> Unclassified | W100: 0 | X100: Unclassified | Y100: 6 | Z100: =VLOOKUP(Y100, Lookups!$B$14:$C$21, 2, FALSE) -> Single carriageway | AA100: 60 | AB100: -1 | AC100: 0 | AD100: -1 | AE100: 0 | AF100: -1 | AG100: -1 | AH100: -1 | AI100: 0 | AJ100: 1 | AK100: =VLOOKUP(AJ100, Lookups!$B$23:$C$28, 2, FALSE) -> Daylight | AL100: 1 | AM100: =VLOOKUP(AL100, Lookups!$B$30:$C$39, 2, FALSE) -> Fine / Clear | AN100: 1 | AO100: =VLOOKUP(AN100, Lookups!$B$41:$C$49, 2, FALSE) -> Dry | AP100: -1 | AQ100: -1 | AR100: 0 | AS100: 2 | AT100: 1 | AU100: 2 | AV100: E01032403 | AW100: 3 | AX100: 1 | AY100: 0 | AZ100: 1
...

Sheet Lookups
A1: Field name | B1: Code | C1: Label
A2: collision_severity | B2: 1 | C2: Fatal
A3: collision_severity | B3: 2 | C3: Serious
A4: collision_severity | B4: 3 | C4: Slight
A6: day_of_week | B6: 1 | C6: Sunday
A7: day_of_week | B7: 2 | C7: Monday
A8: day_of_week | B8: 3 | C8: Tuesday
A9: day_of_week | B9: 4 | C9: Wednesday
A10: day_of_week | B10: 5 | C10: Thursday
A11: day_of_week | B11: 6 | C11: Friday
A12: day_of_week | B12: 7 | C12: Saturday
A14: road_type | B14: 1 | C14: Roundabout
A15: road_type | B15: 2 | C15: One way street
... A57: first_road_class | B57: -1 | C57: Data missing
A59: first_road_number | B59: 1 to 9999 | C59: Number range
A60: first_road_number | B60: -1 | C60: Unknown
A61: first_road_number | B61: 0 | C61: first_road_class is C or Unclassified. These roads do not have official numbers so recorded as zero
